Tiempo,Corriente,Temperatura,Corriente2
0.0057766,0.000181016643,21,0.181016643
1.1255745,0.000181253373,21.43,0.181253373
2.1451138,0.000181165145,22.51,0.181165145
3.1645677,0.000181013063,22.52,0.181013063
4.1835328,0.000181143928,22.52,0.181143928
5.2033891,0.000181017894,22.42,0.181017894
6.2230515,0.000181082228,22.44,0.181082228
7.2441046,0.000181027644,22.44,0.181027644
8.263468,0.000180994189,22.44,0.180994189
9.2829192,0.000181094903,22.52,0.181094903
10.3028903,0.000181104041,22.56,0.181104041
11.3231311,0.000181105948,22.44,0.181105948
12.3427289,0.000943408405,22.43,0.943408405
13.361934,0.00249979505,22.44,2.49979505
14.3810434,0.00365208834,22.46,3.65208834
15.4004587,0.00365223106,22.46,3.65223106
16.4201936,0.00365236564,22.46,3.65236564
17.4404171,0.00365218962,22.46,3.65218962
18.4598695,0.00365198054,22.46,3.65198054
19.4795735,0.00365225737,22.5,3.65225737
20.4988325,0.00365229672,22.44,3.65229672
21.5187988,0.00365233328,22.4,3.65233328
22.5380248,0.00365193909,22.5,3.65193909
23.557774,0.00365215889,22.46,3.65215889
24.5768356,0.003652232,22.5,3.652232
25.5963544,0.00365217938,22.44,3.65217938
26.6171992,0.0036519533,22.4,3.6519533
27.6362182,0.003652076,22.44,3.652076
28.6575234,0.00365202501,22.44,3.65202501
29.6776479,0.0036519838,22.46,3.6519838
30.6974584,0.00365196308,22.44,3.65196308
31.716915,0.00365190138,22.4,3.65190138
32.7363406,0.00365213607,22.42,3.65213607
33.755916,0.00365199544,22.4,3.65199544
34.7754153,0.0036520739,22.4,3.6520739
35.7956524,0.00365213304,22.4,3.65213304
36.8151557,0.0036521214,22.44,3.6521214
37.8349736,0.00365212396,22.34,3.65212396
38.8543645,0.00365212582,22.39,3.65212582
39.8736142,0.00365222292,22.49,3.65222292
40.8929605,0.00365214888,22.44,3.65214888
41.9125198,0.00365230906,22.44,3.65230906
42.9321721,0.00365236238,22.46,3.65236238
43.9515556,0.00365237821,22.46,3.65237821
44.9712376,0.00365225761,22.4,3.65225761
45.9903768,0.0036522136,22.4,3.6522136
47.0101097,0.00365252653,22.4,3.65252653
48.0302393,0.00365241104,22.44,3.65241104
49.0498914,0.00365264131,22.44,3.65264131
50.0692378,0.00365242245,22.4,3.65242245
51.0889655,0.00365269207,22.4,3.65269207
52.1083732,0.00365262432,22.5,3.65262432
53.1279421,0.00365273701,22.45,3.65273701
54.1468923,0.0036527412,22.44,3.6527412
55.1667258,0.00365293235,22.36,3.65293235
56.1858702,0.003652849,22.35,3.652849
57.2057425,0.00365271582,22.39,3.65271582
58.2256765,0.00365241058,22.46,3.65241058
59.2456481,0.00365268508,22.4,3.65268508
60.2650936,0.00365266134,22.4,3.65266134
61.285091,0.00365259335,22.4,3.65259335
62.3048467,0.0036525831,22.4,3.6525831
63.3246138,0.00365244597,22.46,3.65244597
64.344253,0.00365227297,22.4,3.65227297
65.3633257,0.00365241128,22.4,3.65241128
66.3826511,0.00365230627,22.4,3.65230627
67.4019979,0.00365231605,22.4,3.65231605
68.421168,0.00365256215,22.36,3.65256215
69.4402333,0.00365245831,22.33,3.65245831
70.4590031,0.00365235377,22.35,3.65235377
71.4791064,0.00365235679,22.43,3.65235679
72.4980639,0.00365238939,22.4,3.65238939
73.5178827,0.00365242734,22.36,3.65242734
74.5375102,0.00365233747,22.43,3.65233747
75.5568326,0.00365229393,22.46,3.65229393
76.5760527,0.00365277123,22.44,3.65277123
77.5956861,0.00365288555,22.4,3.65288555
78.6151676,0.00365273281,22.36,3.65273281
79.6353901,0.00365291815,22.38,3.65291815
80.6545638,0.00365264015,22.4,3.65264015
81.7040512,0.00365278311,22.36,3.65278311
82.7241052,0.00365258613,22.39,3.65258613
83.7441488,0.00365287601,22.4,3.65287601
84.7635175,0.0036528916,22.4,3.6528916
85.7830723,0.00365288066,22.36,3.65288066
86.8030548,0.00365287717,22.35,3.65287717
87.8221897,0.00365293072,22.35,3.65293072
88.8413617,0.00365282455,22.35,3.65282455
89.8880432,0.00365282152,22.35,3.65282152
90.9069687,0.00365293514,22.39,3.65293514
91.9272869,0.00365293957,22.36,3.65293957
92.9473839,0.00365310278,22.37,3.65310278
93.9670481,0.0036531412,22.4,3.6531412
94.9863657,0.00365331233,22.44,3.65331233
96.0061244,0.00365330674,22.44,3.65330674
97.097993,0.00365323945,22.4,3.65323945
98.1184191,0.0036532816,22.4,3.6532816
99.1380958,0.00365327997,22.36,3.65327997
100.182473,0.00365342246,22.35,3.65342246
101.2023712,0.0036533398,22.35,3.6533398
102.2217375,0.00365340244,22.39,3.65340244
103.269447,0.00365356542,22.4,3.65356542
104.2890374,0.00365372281,22.36,3.65372281
105.3086586,0.00365362479,22.35,3.65362479
106.3915438,0.00365362502,22.43,3.65362502
107.4104355,0.00365359312,22.44,3.65359312
108.4295436,0.00365356123,22.5,3.65356123
109.4484189,0.00365367298,22.44,3.65367298
110.5262792,0.00365368206,22.4,3.65368206
111.545791,0.00365369929,22.34,3.65369929
112.5653932,0.00365382805,22.37,3.65382805
113.617873,0.00365370581,22.36,3.65370581
114.6375256,0.00365379336,22.43,3.65379336
115.6575786,0.00365358544,22.4,3.65358544
116.7071091,0.0036537107,22.36,3.6537107
117.7266395,0.003653788,22.39,3.653788
118.7461469,0.0036538213,22.36,3.6538213
119.7656267,0.00365395355,22.29,3.65395355
120.7850526,0.0036538986,22.35,3.6538986
121.8042156,0.00365392072,22.35,3.65392072
122.8237468,0.00365398125,22.35,3.65398125
123.8427976,0.00365403969,22.43,3.65403969
124.9314806,0.00365405995,22.36,3.65405995
125.9512686,0.00365428812,22.34,3.65428812
127.0183575,0.00365541526,22.49,3.65541526
128.0384481,0.00365596357,22.4,3.65596357
129.0575215,0.00365617941,22.36,3.65617941
130.1098122,0.00365640129,22.43,3.65640129
131.1301997,0.00365642923,22.36,3.65642923
132.1497379,0.00365635054,22.37,3.65635054
133.231377,0.00365620851,22.4,3.65620851
134.2511238,0.00365608278,22.36,3.65608278
135.3147293,0.00365707371,22.29,3.65707371
136.3346017,0.00365744531,22.35,3.65744531
137.3540417,0.00365775823,22.35,3.65775823
138.4141559,0.00365807441,22.33,3.65807441
139.4337783,0.00365827628,22.34,3.65827628
140.4536488,0.00365850981,22.49,3.65850981
141.4733639,0.00365883135,22.4,3.65883135
142.4925305,0.00365900248,22.36,3.65900248
143.5123713,0.00365928071,22.35,3.65928071
144.5314741,0.00365973543,22.39,3.65973543
145.5512895,0.00366012565,22.44,3.66012565
146.6144569,0.00366035429,22.4,3.66035429
147.6345628,0.00366058596,22.46,3.66058596
148.6538002,0.00366111402,22.36,3.66111402
149.6731585,0.00366142764,22.39,3.66142764
150.692691,0.00366169004,22.4,3.66169004
151.7123006,0.00366175128,22.4,3.66175128
152.7323704,0.0036619585,22.36,3.6619585
153.7529858,0.00366218225,22.39,3.66218225
154.8345454,0.00366234872,22.44,3.66234872
155.8538453,0.00366262928,22.4,3.66262928
156.8730616,0.00366290309,22.36,3.66290309
157.8924455,0.00366336968,22.39,3.66336968
158.9170077,0.00366392568,22.44,3.66392568
159.9371556,0.00366389029,22.5,3.66389029
160.9572118,0.00366428261,22.4,3.66428261
162.0035106,0.00366443302,22.44,3.66443302
163.0227809,0.00366461882,22.36,3.66461882
164.0424422,0.00366465584,22.43,3.66465584
165.1232688,0.00366483465,22.46,3.66483465
166.1427346,0.00366517785,22.4,3.66517785
167.2070174,0.00366523885,22.46,3.66523885
168.2274773,0.00366560206,22.44,3.66560206
169.2465744,0.00366574153,22.5,3.66574153
170.2662548,0.00366585562,22.36,3.66585562
171.2867692,0.00366641022,22.43,3.66641022
172.3108945,0.00366679485,22.42,3.66679485
173.3304408,0.00366676179,22.5,3.66676179
174.3503901,0.00366712664,22.44,3.66712664
175.4321147,0.00366723537,22.4,3.66723537
176.4523686,0.00366742978,22.4,3.66742978
177.5168912,0.00366754829,22.44,3.66754829
178.536009,0.00366775272,22.44,3.66775272
179.5550247,0.00366799579,22.5,3.66799579
180.5748247,0.00366814737,22.52,3.66814737
181.594585,0.00366853363,22.5,3.66853363
182.614157,0.00366883026,22.44,3.66883026
183.6335287,0.00366888847,22.44,3.66888847
184.6533917,0.00366925937,22.4,3.66925937
185.7433293,0.00366894481,22.33,3.66894481
186.7625902,0.00366884237,22.43,3.66884237
187.8352321,0.00366861536,22.4,3.66861536
188.8548734,0.0036682228,22.5,3.6682228
189.8746827,0.00366790266,22.5,3.66790266
190.9588899,0.0036675455,22.44,3.6675455
191.9786104,0.00366755528,22.4,3.66755528
193.0496076,0.00366748729,22.4,3.66748729
194.0697722,0.00366727961,22.36,3.66727961
195.0892359,0.00366721348,22.49,3.66721348
196.1292958,0.00366693269,22.5,3.66693269
197.1493662,0.00366659485,22.44,3.66659485
198.1683124,0.00366679579,22.5,3.66679579
199.2171857,0.00366653688,22.44,3.66653688
200.2366181,0.0036664626,22.5,3.6664626
201.256283,0.00366625469,22.52,3.66625469
202.3492827,0.00366638833,22.44,3.66638833
203.369074,0.00366648985,22.46,3.66648985
204.3882302,0.00366616807,22.44,3.66616807
205.4079134,0.00366639671,22.44,3.66639671
206.4272167,0.00366599136,22.44,3.66599136
207.4471511,0.00366605818,22.44,3.66605818
208.466217,0.00366606796,22.5,3.66606796
209.4861244,0.00366593385,22.52,3.66593385
210.5050331,0.00366591452,22.44,3.66591452
211.5301353,0.0036659839,22.4,3.6659839
212.5503821,0.00366581394,22.44,3.66581394
213.5698852,0.00366579205,22.44,3.66579205
214.6113112,0.00482204603,22.56,4.82204603
215.6314315,0.00597611954,22.52,5.97611954
216.6505715,0.00712728314,22.44,7.12728314
217.6698382,0.00712759932,22.4,7.12759932
218.6895474,0.00712750107,22.4,7.12750107
219.7094732,0.00712774228,22.36,7.12774228
220.7286018,0.00712769245,22.39,7.12769245
221.7486633,0.00712765799,22.44,7.12765799
222.7871677,0.00712712295,22.36,7.12712295
223.8068507,0.00712695764,22.35,7.12695764
224.8260999,0.0071273786,22.35,7.1273786
225.8453408,0.00712708057,22.49,7.12708057
226.8644795,0.00712710665,22.37,7.12710665
227.8898637,0.00712722819,22.4,7.12722819
228.9096958,0.00712723238,22.44,7.12723238
229.9293025,0.00712704891,22.36,7.12704891
231.0104742,0.00712711643,22.45,7.12711643
232.0300405,0.00712689245,22.44,7.12689245
233.0937773,0.00712662935,22.45,7.12662935
234.1135901,0.00712667359,22.5,7.12667359
235.1331463,0.00712672993,22.44,7.12672993
236.1799315,0.00712687568,22.44,7.12687568
237.1998203,0.00712714437,22.4,7.12714437
238.2198933,0.00712690595,22.4,7.12690595
239.2391932,0.00712664425,22.44,7.12664425
240.2619666,0.0071262787,22.5,7.1262787
241.2813091,0.00712632201,22.46,7.12632201
242.3013784,0.00712622748,22.36,7.12622748
243.3214753,0.00712620094,22.49,7.12620094
244.4527552,0.00712613435,22.44,7.12613435
245.4728247,0.00712613435,22.44,7.12613435
246.5595306,0.00712611153,22.41,7.12611153
247.5784405,0.00712596112,22.44,7.12596112
248.6010048,0.0071260482,22.4,7.1260482
249.6212604,0.00712590757,22.44,7.12590757
250.6411204,0.00712573761,22.44,7.12573761
251.6602053,0.00712573248,22.5,7.12573248
252.6800089,0.00712602492,22.44,7.12602492
253.6999926,0.0071264049,22.46,7.1264049
254.827382,0.00712579581,22.4,7.12579581
255.8473574,0.00712582841,22.5,7.12582841
256.9244222,0.00712576089,22.46,7.12576089
257.9440836,0.00712545309,22.46,7.12545309
258.9638935,0.00712531106,22.44,7.12531106
260.0148412,0.00790957361,22.5,7.90957361
261.0348167,0.0090548247,22.46,9.0548247
262.0548092,0.0106006646,22.46,10.6006646
263.1006969,0.0105808861,22.52,10.5808861
264.1204148,0.0105805071,22.46,10.5805071
265.1402046,0.0105805378,22.5,10.5805378
266.1594148,0.0105805201,22.5,10.5805201
267.1789992,0.010580657,22.43,10.580657
268.2068645,0.0105804847,22.44,10.5804847
269.2263732,0.0105811245,22.46,10.5811245
270.2460708,0.0105809299,22.5,10.5809299
271.3122552,0.0105809513,22.5,10.5809513
272.3316723,0.0105806645,22.4,10.5806645
273.3507416,0.0105800749,22.5,10.5800749
274.4291154,0.0105804018,22.44,10.5804018
275.4481869,0.0105804288,22.46,10.5804288
276.4680202,0.0113785471,22.46,11.3785471
277.48794,0.012909498,22.46,12.909498
278.6073446,0.014040362,22.46,14.040362
279.6274845,0.0140411285,22.46,14.0411285
280.6473477,0.0140624819,22.39,14.0624819
281.6659343,0.0154602276,22.46,15.4602276
282.6858297,0.0167786143,22.46,16.7786143
283.70552,0.0175053216,22.44,17.5053216
284.7254212,0.0183158703,22.46,18.3158703
285.7460211,0.0198654681,22.58,19.8654681
286.7658977,0.0209752321,22.45,20.9752321
287.7855722,0.0217810347,22.46,21.7810347
288.8048411,0.0229246485,22.46,22.9246485
289.8244119,0.0240517798,22.5,24.0517798
290.8438827,0.0243986714,22.44,24.3986714
291.863335,0.0255967248,22.44,25.5967248
292.8827525,0.0267313402,22.56,26.7313402
294.0457663,0.0278283432,22.46,27.8283432
295.0660078,0.027828684,22.56,27.828684
296.0852507,0.0278292689,22.46,27.8292689
297.1048199,0.0278303213,22.46,27.8303213
298.1242048,0.0278303138,22.46,27.8303138
299.1433466,0.0278296694,22.4,27.8296694
300.1629751,0.0286529045,22.46,28.6529045
301.182743,0.0298131816,22.46,29.8131816
302.2022482,0.0309477113,22.5,30.9477113
303.2217795,0.0312787815,22.46,31.2787815
304.2416712,0.0321008712,22.46,32.1008712
305.2609267,0.0332395769,22.56,33.2395769
306.3075296,0.0347119271,22.44,34.7119271
307.3277039,0.0355072431,22.58,35.5072431
308.3473339,0.036166232,22.52,36.166232
309.4410154,0.0361682623,22.5,36.1682623
310.4604935,0.0361703783,22.46,36.1703783
311.4796812,0.0361705012,22.46,36.1705012
312.4990109,0.0361703261,22.4,36.1703261
313.5187571,0.0361707396,22.5,36.1707396
314.5381575,0.0361723378,22.48,36.1723378
315.5573283,0.0361728593,22.5,36.1728593
316.5773327,0.036172986,22.44,36.172986
317.5968797,0.0361735299,22.52,36.1735299
318.6566419,0.0361742042,22.5,36.1742042
319.6759007,0.0361745245,22.44,36.1745245
320.695177,0.0361751429,22.52,36.1751429
321.7953013,0.0361752808,22.43,36.1752808
322.8160127,0.0361748412,22.56,36.1748412
323.8352502,0.0361753553,22.46,36.1753553
324.8548763,0.0361757129,22.5,36.1757129
325.8747229,0.0361773557,22.46,36.1773557
326.894236,0.036177352,22.46,36.177352
327.9137597,0.036177285,22.5,36.177285
328.9329378,0.0361776836,22.5,36.1776836
329.9522675,0.0361781492,22.52,36.1781492
330.9720724,0.0361779741,22.56,36.1779741
331.9912368,0.0361782535,22.46,36.1782535
333.0104262,0.0361780077,22.44,36.1780077
334.0297323,0.0361781343,22.52,36.1781343
335.0491302,0.0361779145,22.46,36.1779145
336.0690691,0.0361782722,22.46,36.1782722
337.0887664,0.0361783877,22.46,36.1783877
338.1556997,0.0361785218,22.46,36.1785218
339.1769374,0.0361781977,22.44,36.1781977
340.1965675,0.0361783094,22.44,36.1783094
341.3212721,0.0361784882,22.46,36.1784882
342.3409968,0.0361785851,22.45,36.1785851
343.3605613,0.0361788384,22.52,36.1788384
344.3808645,0.0361790582,22.46,36.1790582
345.4010921,0.0361790023,22.52,36.1790023
346.4210679,0.0361793227,22.44,36.1793227
347.4409018,0.0361794084,22.44,36.1794084
348.4606045,0.0361797586,22.46,36.1797586
349.4799246,0.0361795984,22.5,36.1795984
350.4995459,0.036179997,22.46,36.179997
351.5187623,0.0361798964,22.44,36.1798964
352.5386587,0.0361793301,22.5,36.1793301
353.5582039,0.0361790843,22.46,36.1790843
354.5780645,0.0361788235,22.5,36.1788235
355.5971144,0.0361787378,22.45,36.1787378
356.6333278,0.0361785218,22.4,36.1785218
357.653692,0.0361781381,22.5,36.1781381
358.6728648,0.0361779928,22.46,36.1779928
359.7272348,0.036177922,22.4,36.177922
360.7466259,0.0361780263,22.44,36.1780263
361.766199,0.0361777581,22.43,36.1777581
362.8100209,0.0361775383,22.4,36.1775383
363.8296878,0.0361778102,22.44,36.1778102
364.8500387,0.0361775681,22.46,36.1775681
365.8961179,0.036177434,22.46,36.177434
366.915165,0.0361774824,22.5,36.1774824
367.9349954,0.0361783131,22.4,36.1783131
368.9545863,0.0361783243,22.5,36.1783243
369.973642,0.0361789353,22.46,36.1789353
370.9934228,0.0361794792,22.4,36.1794792
372.0127344,0.0361798144,22.44,36.1798144
373.094946,0.0361796468,22.5,36.1796468
374.1144169,0.0361793264,22.44,36.1793264
375.1334737,0.0361794643,22.44,36.1794643
376.1788985,0.0361787788,22.49,36.1787788
377.1986642,0.0361785851,22.44,36.1785851
378.2182366,0.0361789241,22.5,36.1789241
379.265959,0.0361788421,22.46,36.1788421
380.2855574,0.0361791886,22.44,36.1791886
381.3048957,0.0361795723,22.44,36.1795723
382.3240652,0.036180105,22.49,36.180105
383.3444438,0.0361798442,22.44,36.1798442
384.3642663,0.0361802987,22.4,36.1802987
385.3837706,0.0361804775,22.4,36.1804775
386.4028824,0.036181353,22.44,36.181353
387.4764121,0.0361818335,22.44,36.1818335
388.4956745,0.0361825823,22.4,36.1825823
389.573959,0.0361828021,22.43,36.1828021
390.594446,0.0361831597,22.44,36.1831597
391.6143331,0.036183726,22.46,36.183726
392.6642015,0.0361842773,22.5,36.1842773
393.6839722,0.0361850522,22.4,36.1850522
394.7036276,0.0361860208,22.4,36.1860208
395.7618413,0.0361864492,22.4,36.1864492
396.7815583,0.0361865982,22.4,36.1865982
397.8012828,0.0361867994,22.44,36.1867994
398.8446959,0.0361870862,22.44,36.1870862
399.8649691,0.036187198,22.4,36.187198
400.8845541,0.0361874289,22.46,36.1874289
401.9044513,0.0361876264,22.46,36.1876264
402.924714,0.0361879542,22.47,36.1879542
403.9439178,0.0361881889,22.36,36.1881889
404.9637991,0.0361888408,22.39,36.1888408
405.9837129,0.0361894629,22.4,36.1894629
407.0575239,0.0361895784,22.44,36.1895784
408.0774818,0.0361897274,22.44,36.1897274
409.1415567,0.0361899621,22.44,36.1899621
410.1629861,0.0361901409,22.46,36.1901409
411.1827178,0.0361903533,22.4,36.1903533
412.2666501,0.0361906252,22.4,36.1906252
413.286557,0.0361905358,22.4,36.1905358
414.3063265,0.0361910238,22.36,36.1910238
415.3839594,0.0361908897,22.45,36.1908897
416.4036445,0.0361910387,22.43,36.1910387
417.4225437,0.0361908711,22.4,36.1908711
418.4418593,0.0361915901,22.52,36.1915901
419.4610284,0.036191646,22.5,36.191646
420.4809069,0.0361917763,22.52,36.1917763
421.5001539,0.0361918881,22.46,36.1918881
422.5417559,0.036192011,22.46,36.192011
423.5613983,0.0361921042,22.44,36.1921042
424.5809487,0.0361921712,22.36,36.1921712
425.6005268,0.0361924059,22.43,36.1924059
426.6209206,0.036192771,22.44,36.192771
427.6410594,0.0361930243,22.46,36.1930243
428.6639384,0.0361932329,22.4,36.1932329
429.683271,0.0361935459,22.42,36.1935459
430.7029712,0.03619349,22.4,36.19349
431.7223322,0.0361937135,22.44,36.1937135
432.7413824,0.0361937806,22.36,36.1937806
433.7774671,0.0361941829,22.43,36.1941829
434.7966868,0.0361943133,22.56,36.1943133
435.816697,0.0361948013,22.44,36.1948013
436.8355798,0.0361945964,22.46,36.1945964
437.8551647,0.0361949577,22.44,36.1949577
438.8925843,0.0361948423,22.4,36.1948423
439.9117297,0.0361952222,22.44,36.1952222
440.9313608,0.036195334,22.44,36.195334
442.0116754,0.0361953265,22.44,36.1953265
443.0760368,0.0361957252,22.4,36.1957252
444.0950021,0.0361960157,22.4,36.1960157
445.1143393,0.0361963212,22.46,36.1963212
446.133927,0.0361965522,22.44,36.1965522
447.176561,0.0361968614,22.46,36.1968614
448.1960439,0.0361969992,22.36,36.1969992
449.2155454,0.0361973419,22.39,36.1973419
450.2611588,0.0361969918,22.36,36.1969918
451.3051135,0.0361972674,22.39,36.1972674
452.325087,0.0361972153,22.4,36.1972153
453.3759729,0.0361969694,22.44,36.1969694
454.3955636,0.0361972674,22.4,36.1972674
455.4152891,0.0361973904,22.5,36.1973904
456.4459719,0.0361975952,22.43,36.1975952
457.4652574,0.03619764,22.4,36.19764
458.4848408,0.0361975915,22.4,36.1975915
459.5327485,0.0361975841,22.36,36.1975841
460.5518921,0.0361972749,22.43,36.1972749
461.5715344,0.0361975878,22.44,36.1975878
462.5910862,0.0361976847,22.41,36.1976847
463.6105336,0.0361974835,22.4,36.1974835
464.6304286,0.0361976362,22.36,36.1976362
465.6514506,0.0361976437,22.35,36.1976437
466.6714341,0.0361976996,22.39,36.1976996
467.773872,0.0361978299,22.36,36.1978299
468.7933736,0.0361977815,22.35,36.1977815
469.8591824,0.0361979715,22.39,36.1979715
470.8790407,0.0361979193,22.36,36.1979193
471.8989917,0.0361978523,22.33,36.1978523
472.9178662,0.0361981913,22.39,36.1981913
473.9595861,0.0361982695,22.4,36.1982695
474.9794045,0.0361983552,22.36,36.1983552
476.0010998,0.0361983478,22.37,36.1983478
477.0207528,0.0361984521,22.44,36.1984521
478.0565225,0.0361988693,22.4,36.1988693
479.0764026,0.0361985526,22.36,36.1985526
480.096505,0.0361989922,22.49,36.1989922
481.1493274,0.0361987687,22.44,36.1987687
482.1687765,0.036198955,22.46,36.198955
483.1878941,0.0361994877,22.44,36.1994877
484.215345,0.0361992865,22.4,36.1992865
485.235528,0.0361993946,22.4,36.1993946
486.2568758,0.036199551,22.44,36.199551
487.2772044,0.0361992418,22.5,36.1992418
488.36557,0.0361995659,22.36,36.1995659
489.3855298,0.0361992307,22.48,36.1992307
490.4059481,0.0361996032,22.44,36.1996032
491.4535311,0.0361997149,22.4,36.1997149
492.4735804,0.0361996702,22.44,36.1996702
493.4931377,0.0362000279,22.4,36.2000279
494.5356477,0.036199864,22.4,36.199864
495.5555632,0.0361996442,22.4,36.1996442
496.5753653,0.0361995957,22.49,36.1995957
497.5951639,0.0361995361,22.44,36.1995361
498.6146004,0.0361994653,22.4,36.1994653
499.6351297,0.0361997969,22.52,36.1997969
500.6558136,0.0361996106,22.5,36.1996106
501.7574451,0.0361996181,22.44,36.1996181
502.777052,0.0361999496,22.5,36.1999496
503.7970044,0.036199931,22.44,36.199931
504.8431585,0.0361997708,22.52,36.1997708
505.8625693,0.0362000018,22.52,36.2000018
506.8822087,0.0361996553,22.56,36.1996553
507.9015008,0.0361995026,22.5,36.1995026
508.9208533,0.0361997224,22.44,36.1997224
509.9410744,0.0362000353,22.48,36.2000353
510.9603649,0.0362002812,22.5,36.2002812
511.9794178,0.0362005084,22.46,36.2005084
513.0553089,0.0362003743,22.5,36.2003743
514.0755985,0.0362006537,22.36,36.2006537
515.1353663,0.0362007804,22.45,36.2007804
516.1556665,0.0362003371,22.36,36.2003371
517.1756162,0.0362006239,22.39,36.2006239
518.1954765,0.0362005904,22.4,36.2005904
519.2154469,0.036200542,22.36,36.200542
520.2778532,0.0362005829,22.49,36.2005829
521.2984188,0.0362007133,22.5,36.2007133
522.3174094,0.0362008661,22.44,36.2008661
523.3677806,0.0362012237,22.4,36.2012237
524.3871168,0.036201518,22.44,36.201518
525.4063284,0.0362014397,22.5,36.2014397
526.4560517,0.0362014062,22.44,36.2014062
527.4754634,0.0362014211,22.4,36.2014211
528.4947198,0.0362017601,22.46,36.2017601
529.537765,0.036201775,22.4,36.201775
530.5574914,0.0362015627,22.41,36.2015627
531.5775076,0.0362020209,22.4,36.2020209
532.6214484,0.0362018123,22.44,36.2018123
533.6413218,0.0362019017,22.44,36.2019017
534.6613915,0.0362020134,22.4,36.2020134
535.6807071,0.0362018421,22.4,36.2018421
536.7004676,0.0362020283,22.42,36.2020283
537.7206972,0.0362020283,22.5,36.2020283
538.7398287,0.0362023897,22.4,36.2023897
539.7597605,0.0362025164,22.4,36.2025164
540.8432993,0.0362021401,22.5,36.2021401
541.86214,0.0362025238,22.5,36.2025238
542.9470487,0.0362025089,22.5,36.2025089
543.9671611,0.0362026952,22.52,36.2026952
544.9861165,0.0362024419,22.5,36.2024419
546.006217,0.0362022891,22.5,36.2022891
547.0253661,0.0362019091,22.52,36.2019091
548.0455411,0.0362017638,22.4,36.2017638
549.0645966,0.0362018272,22.44,36.2018272
550.1547979,0.036202073,22.4,36.202073
551.1745337,0.0362019352,22.44,36.2019352
552.1940754,0.036202386,22.5,36.202386
553.2466226,0.0362027026,22.36,36.2027026
554.2661086,0.0362024344,22.45,36.2024344
555.2852029,0.0362026095,22.44,36.2026095
556.3367787,0.0362025238,22.5,36.2025238
557.3560812,0.0362022556,22.51,36.2022556
558.375545,0.036202684,22.44,36.202684
559.4252271,0.0362025015,22.44,36.2025015
560.4455493,0.0362026467,22.46,36.2026467
561.4650402,0.0362029336,22.4,36.2029336
562.4838366,0.0362027771,22.5,36.2027771
563.5036393,0.0362027175,22.5,36.2027175
564.5237231,0.0362027138,22.4,36.2027138
565.5433544,0.0362028852,22.5,36.2028852
566.5627338,0.036202915,22.36,36.202915
567.6502563,0.0362029485,22.39,36.2029485
568.6725716,0.0362033061,22.44,36.2033061
569.7456987,0.0362032912,22.4,36.2032912
570.7652685,0.0362030528,22.44,36.2030528
571.7847851,0.0362035036,22.47,36.2035036
572.8043072,0.0362034328,22.44,36.2034328
573.8241915,0.0362035036,22.44,36.2035036
574.8435899,0.0362035818,22.5,36.2035818
575.863531,0.0362036377,22.4,36.2036377
576.8829956,0.036203619,22.5,36.203619
577.9624521,0.0362037457,22.36,36.2037457
578.9820377,0.0362038575,22.51,36.2038575
580.0491253,0.036203701,22.52,36.203701
581.0693703,0.0362036749,22.52,36.2036749
582.0890807,0.0362037606,22.5,36.2037606
583.1082782,0.0362036414,22.5,36.2036414
584.1275407,0.0362040325,22.5,36.2040325
585.1473395,0.0362036861,22.44,36.2036861
586.1667992,0.0362038016,22.5,36.2038016
587.1862705,0.0362041443,22.52,36.2041443
588.269249,0.0362038202,22.44,36.2038202
589.289179,0.0362039506,22.44,36.2039506
590.3615919,0.0362036973,22.52,36.2036973
591.3805514,0.0362037084,22.52,36.2037084
592.4002155,0.036204148,22.44,36.204148
593.4481761,0.0362039171,22.44,36.2039171
594.4676119,0.0362038128,22.44,36.2038128
595.4869714,0.0362039096,22.46,36.2039096
596.5319427,0.0362043417,22.4,36.2043417
597.5512361,0.0362042821,22.44,36.2042821
598.5709909,0.0362043306,22.44,36.2043306
599.5903857,0.0362042635,22.4,36.2042635
600.6096882,0.0362042896,22.44,36.2042896
601.6295197,0.036204569,22.44,36.204569
602.6486218,0.036204718,22.44,36.204718
603.6681116,0.0362047217,22.46,36.2047217
604.7596875,0.0362046584,22.44,36.2046584
605.7787838,0.0362047478,22.44,36.2047478
606.8569149,0.0362046658,22.44,36.2046658
607.8765425,0.0362045951,22.37,36.2045951
608.8956816,0.0362044796,22.36,36.2044796
609.940291,0.0362043157,22.35,36.2043157
610.9596816,0.0362043231,22.39,36.2043231
611.9791871,0.0362043902,22.46,36.2043902
613.0236193,0.0362043529,22.4,36.2043529
614.0432446,0.0362044647,22.46,36.2044647
615.062015,0.0362043641,22.4,36.2043641
616.0824779,0.0362044051,22.36,36.2044051
617.1021826,0.0362045466,22.43,36.2045466
618.1411576,0.0362047888,22.52,36.2047888
619.1604313,0.036204636,22.52,36.204636
620.179723,0.0362045206,22.56,36.2045206
621.2291798,0.0362046808,22.5,36.2046808
622.2492666,0.0362045913,22.56,36.2045913
623.2687351,0.0362047739,22.52,36.2047739
624.3204711,0.0362046845,22.5,36.2046845
625.3401848,0.0362045615,22.46,36.2045615
626.3598659,0.0362047068,22.44,36.2047068
627.3795165,0.0362045466,22.46,36.2045466
628.3992223,0.0362047143,22.46,36.2047143
629.4190239,0.0362047441,22.46,36.2047441
630.4378087,0.0362045131,22.56,36.2045131
631.4580128,0.0362041927,22.56,36.2041927
632.5395767,0.0362042747,22.5,36.2042747
633.559154,0.0362045206,22.44,36.2045206
634.6226143,0.0362044349,22.52,36.2044349
635.6424121,0.0362046062,22.46,36.2046062
636.6616954,0.0362048558,22.44,36.2048558
637.7176908,0.0362045876,22.46,36.2045876
638.7381253,0.03620461,22.5,36.20461
639.7578608,0.0362043604,22.46,36.2043604
640.815985,0.036204528,22.58,36.204528
641.8356154,0.0362043865,22.51,36.2043865
642.8554649,0.0362041853,22.46,36.2041853
643.9380395,0.0362043641,22.52,36.2043641
644.9574546,0.0362044721,22.58,36.2044721
646.0179446,0.03620461,22.47,36.20461
647.0377486,0.0362046957,22.56,36.2046957
648.0576995,0.0362047888,22.5,36.2047888
649.1106388,0.0362045578,22.44,36.2045578
650.1301794,0.0362047106,22.46,36.2047106
651.1499245,0.0362046062,22.59,36.2046062
652.1939786,0.036204975,22.59,36.204975
653.2139719,0.036205016,22.51,36.205016
654.2338355,0.0362050719,22.52,36.2050719
655.2753916,0.0362050458,22.52,36.2050458
656.2955251,0.0362051986,22.58,36.2051986
657.3154169,0.036205057,22.53,36.205057
658.3612409,0.0362052619,22.51,36.2052619
659.3805014,0.036205437,22.52,36.205437
660.4010559,0.0362053066,22.5,36.2053066
661.4451788,0.0362051576,22.46,36.2051576
662.4652686,0.036205288,22.46,36.205288
663.4844002,0.0362053737,22.5,36.2053737
664.5303263,0.0362051986,22.52,36.2051986
665.550922,0.0362051539,22.49,36.2051539
666.5698193,0.0362052097,22.5,36.2052097
667.6266065,0.0362052433,22.46,36.2052433
668.6500878,0.036205098,22.5,36.205098
669.6706752,0.0362052023,22.46,36.2052023
670.6901083,0.0362051203,22.46,36.2051203
671.7103114,0.0362050049,22.5,36.2050049
672.7558124,0.0362051352,22.46,36.2051352
673.7756144,0.0362052805,22.5,36.2052805
674.7955576,0.0362050645,22.5,36.2050645
675.8498836,0.0362052954,22.5,36.2052954
676.8700275,0.0362052209,22.46,36.2052209
677.8896183,0.0362054295,22.52,36.2054295
678.9407132,0.0362051427,22.56,36.2051427
679.9607119,0.0362055562,22.48,36.2055562
680.9805117,0.0362052768,22.46,36.2052768
681.9997729,0.0362053327,22.5,36.2053327
683.0195024,0.0362050347,22.46,36.2050347
684.039146,0.0362050011,22.46,36.2050011
685.059262,0.0362048521,22.5,36.2048521
686.0791984,0.0362046808,22.46,36.2046808
687.1229012,0.0362045913,22.47,36.2045913
688.1430484,0.0362043827,22.5,36.2043827
689.1623025,0.0362042188,22.46,36.2042188
690.2153024,0.0362039469,22.5,36.2039469
691.2347568,0.0362040847,22.52,36.2040847
692.2546307,0.0362040288,22.52,36.2040288
693.2999375,0.0362039357,22.46,36.2039357
694.3264269,0.0362040027,22.48,36.2040027
695.3462671,0.0362041965,22.46,36.2041965
696.3859626,0.0362042747,22.46,36.2042747
697.4050674,0.0362045094,22.46,36.2045094
698.4293291,0.0362042188,22.5,36.2042188
699.4491854,0.0362043492,22.5,36.2043492
700.468305,0.0362043231,22.46,36.2043231
701.4877972,0.0362046323,22.48,36.2046323
702.5079781,0.0362044684,22.5,36.2044684
703.5271713,0.0362044684,22.46,36.2044684
704.6139551,0.0362041182,22.46,36.2041182
705.6329164,0.0362041816,22.44,36.2041816
706.7059809,0.0362042449,22.46,36.2042449
707.7486934,0.0362041518,22.46,36.2041518
708.7686391,0.0362046547,22.49,36.2046547
709.8195407,0.0362045317,22.52,36.2045317
710.8396779,0.0362042114,22.46,36.2042114
711.9093318,0.0362044498,22.46,36.2044498
712.9281065,0.0362042635,22.46,36.2042635
713.9663939,0.0362042039,22.5,36.2042039
715.0236483,0.036204122,22.46,36.204122
716.0430778,0.0362042188,22.48,36.2042188
717.0626089,0.0362040251,22.46,36.2040251
718.114975,0.0362045839,22.56,36.2045839
719.1356729,0.0362045541,22.46,36.2045541
720.1551979,0.0362042039,22.46,36.2042039
721.2061994,0.0362041294,22.46,36.2041294
722.2260845,0.0362043045,22.56,36.2043045
723.2468765,0.0362044014,22.52,36.2044014
724.3046811,0.0362038277,22.58,36.2038277
725.3272878,0.0362038947,22.51,36.2038947
726.3468276,0.0362040363,22.5,36.2040363
727.4077892,0.0362041629,22.5,36.2041629
728.430246,0.0362042263,22.46,36.2042263
729.4504089,0.0362041704,22.46,36.2041704
730.4903476,0.0362042784,22.5,36.2042784
731.5101797,0.0362043604,22.46,36.2043604
732.5299104,0.0362044274,22.5,36.2044274
733.5748291,0.0362046249,22.46,36.2046249
734.5944056,0.0362045168,22.46,36.2045168
735.6134815,0.0362044945,22.5,36.2044945
736.6332341,0.0362046025,22.5,36.2046025
737.6520081,0.0362044721,22.5,36.2044721
738.7693794,0.0362044796,22.46,36.2044796
739.7896532,0.0362042225,22.46,36.2042225
740.8088291,0.0362040624,22.46,36.2040624
741.8280601,0.0362039208,22.46,36.2039208
742.8483319,0.0362042374,22.46,36.2042374
743.8677241,0.0362041741,22.5,36.2041741
744.8872039,0.0362042449,22.52,36.2042449
745.9067634,0.0362041443,22.44,36.2041443
746.9262076,0.0362040884,22.46,36.2040884
747.9462691,0.036204461,22.46,36.204461
748.9661619,0.0362042784,22.44,36.2042784
749.9865912,0.0362044088,22.5,36.2044088
751.0216078,0.0362042784,22.46,36.2042784
752.0403051,0.036204461,22.46,36.204461
753.0592721,0.036204487,22.46,36.204487
754.1076586,0.0362043343,22.46,36.2043343
755.1277668,0.0362045913,22.46,36.2045913
756.1479019,0.0362042114,22.5,36.2042114
757.2281926,0.0362047143,22.48,36.2047143
758.247289,0.0362048968,22.5,36.2048968
759.3298597,0.0362049862,22.52,36.2049862
760.3489508,0.036204759,22.46,36.204759
761.3687823,0.0362047851,22.52,36.2047851
762.412121,0.0362047292,22.58,36.2047292
763.4321284,0.0362047217,22.54,36.2047217
764.4515556,0.0362044647,22.46,36.2044647
765.5000823,0.0362044647,22.62,36.2044647
766.5196392,0.0362044908,22.51,36.2044908
767.5391033,0.0362047739,22.52,36.2047739
768.5888889,0.0362049788,22.5,36.2049788
769.6087187,0.0362046435,22.46,36.2046435
770.6283477,0.0362045727,22.45,36.2045727
771.6478746,0.0362046025,22.46,36.2046025
772.6676465,0.0362046845,22.46,36.2046845
773.6870076,0.0362046211,22.5,36.2046211
774.705881,0.0362048074,22.52,36.2048074
775.7256438,0.0362047776,22.44,36.2047776
776.7737442,0.0362046994,22.5,36.2046994
777.7940186,0.0362047515,22.46,36.2047515
778.8135164,0.0362049937,22.46,36.2049937
779.8592172,0.0362048968,22.46,36.2048968
780.8789407,0.0362044014,22.44,36.2044014
781.8992383,0.0362044423,22.44,36.2044423
782.918778,0.0362045727,22.46,36.2045727
783.9379076,0.0362045317,22.45,36.2045317
784.958238,0.0362042188,22.52,36.2042188
785.9779437,0.0362043417,22.52,36.2043417
786.9976642,0.0362043753,22.46,36.2043753
788.0737573,0.0362043567,22.44,36.2043567
789.0929558,0.0362045094,22.5,36.2045094
790.1637782,0.0362040437,22.46,36.2040437
791.1826833,0.0362044051,22.48,36.2044051
792.2025081,0.0362042672,22.4,36.2042672
793.2223541,0.03620442,22.44,36.20442
794.2415451,0.0362044759,22.44,36.2044759
795.2608121,0.0362048745,22.46,36.2048745
796.2802116,0.0362050123,22.44,36.2050123
797.3798586,0.0362048968,22.44,36.2048968
798.3992634,0.0362047441,22.46,36.2047441
799.4196005,0.0362047143,22.44,36.2047143
800.4641724,0.0362048707,22.44,36.2048707
801.4832353,0.0362047888,22.46,36.2047888
802.5039245,0.0362051874,22.46,36.2051874
803.5708066,0.0362052619,22.5,36.2052619
804.5905308,0.0362051837,22.48,36.2051837
805.6100342,0.0362054333,22.56,36.2054333
806.6767612,0.0362051315,22.52,36.2051315
807.6969233,0.0362052693,22.5,36.2052693
808.7168913,0.036205165,22.5,36.205165
809.7756095,0.036205247,22.5,36.205247
810.7951187,0.0362052246,22.51,36.2052246
811.8153477,0.0362050123,22.46,36.2050123
812.8711084,0.036205165,22.5,36.205165
813.8906879,0.0362051315,22.5,36.2051315
814.9097646,0.0362047553,22.5,36.2047553
815.9301458,0.0362047329,22.44,36.2047329
816.9502746,0.0362050719,22.46,36.2050719
817.982534,0.0362048782,22.53,36.2048782
819.001219,0.0362049341,22.46,36.2049341
820.0211623,0.0362048782,22.44,36.2048782
821.1062699,0.0362049303,22.46,36.2049303
822.1259981,0.0362049192,22.46,36.2049192
823.1898715,0.0362049303,22.44,36.2049303
824.2090605,0.0362049601,22.4,36.2049601
825.2281713,0.0362053066,22.44,36.2053066
826.2716981,0.0362049713,22.44,36.2049713
827.2915248,0.0362052097,22.44,36.2052097
828.3110527,0.0362050682,22.4,36.2050682
829.3657331,0.0362052507,22.36,36.2052507
830.3854835,0.0362053476,22.45,36.2053476
831.405059,0.0362053103,22.3,36.2053103
832.4530657,0.0362054705,22.39,36.2054705
833.472879,0.0362054854,22.46,36.2054854
834.4926671,0.0362053327,22.44,36.2053327
835.5551734,0.0362056046,22.44,36.2056046
836.5751375,0.0362057909,22.4,36.2057909
837.5944607,0.0362056493,22.44,36.2056493
838.6140281,0.0362060852,22.42,36.2060852
839.6336961,0.0362057201,22.44,36.2057201
840.6536822,0.036205966,22.44,36.205966
841.6734793,0.0362059213,22.44,36.2059213
842.6926582,0.0362057127,22.46,36.2057127
843.7710592,0.0362057276,22.5,36.2057276
844.7909415,0.0362054705,22.46,36.2054705
845.8604095,0.0362053774,22.36,36.2053774
846.8805786,0.0362053327,22.35,36.2053327
847.900182,0.0362056866,22.43,36.2056866
848.9845065,0.0362055674,22.44,36.2055674
850.003561,0.0362057313,22.46,36.2057313
851.0236627,0.0362055413,22.36,36.2055413
852.0429744,0.0362054631,22.43,36.2054631
853.0974873,0.0362053327,22.44,36.2053327
854.1179626,0.036205165,22.4,36.205165
855.1375721,0.0362056121,22.4,36.2056121
856.1831506,0.0362053029,22.4,36.2053029
857.2026945,0.0362051986,22.36,36.2051986
858.2228496,0.0362053513,22.36,36.2053513
859.2661802,0.0362048074,22.43,36.2048074
860.2850576,0.0362047143,22.5,36.2047143
861.3043439,0.0362045392,22.44,36.2045392
862.3674119,0.0362047255,22.44,36.2047255
863.3867606,0.0362047255,22.4,36.2047255
864.4058771,0.0362042076,22.36,36.2042076
865.4531975,0.0362043157,22.46,36.2043157
866.4722025,0.0362043343,22.44,36.2043343
867.4918045,0.0362043976,22.44,36.2043976
868.5681408,0.0362043306,22.44,36.2043306
869.5885184,0.0362046658,22.44,36.2046658
870.608186,0.0362050011,22.46,36.2050011
871.6280079,0.0362034849,22.44,36.2034849
