,INTENSIDAD,,,,,,TRANSMITANCIA,,
Longitud de Onda,Hg-Lamp,,Cristal Chico,,Cristal Gde,,Chico,,Gde.
,,,,,,,,,
199.33,2382,,2374,,2373,,99.66414777,,99.62216625
200.13,12.67,,2.29,,0.13,,18.074191,,1.026045777
200.93,10.67,,0.29,,-0.87,,2.717900656,,-8.153701968
201.73,12.67,,1.29,,0.13,,10.18153118,,1.026045777
202.53,11.67,,2.29,,-0.87,,19.62296487,,-7.455012853
203.33,11.67,,2.29,,-0.87,,19.62296487,,-7.455012853
204.13,12.67,,1.29,,1.13,,10.18153118,,8.918705604
204.94,11.67,,1.29,,0.13,,11.05398458,,1.113967438
205.74,12.67,,2.29,,0.13,,18.074191,,1.026045777
206.54,14.67,,1.29,,2.13,,8.793456033,,14.5194274
207.34,17.67,,2.29,,-0.87,,12.9598189,,-4.923599321
208.14,15.67,,0.29,,1.13,,1.85067007,,7.211231653
208.94,16.67,,3.29,,1.13,,19.73605279,,6.778644271
209.74,20.67,,2.29,,1.13,,11.07885825,,5.466860184
210.54,22.67,,0.29,,1.13,,1.279223644,,4.984561094
211.34,21.67,,3.29,,1.13,,15.18227965,,5.214582372
212.14,26.67,,1.29,,1.13,,4.836895388,,4.236970379
212.94,30.67,,1.29,,-0.87,,4.206064558,,-2.83664819
213.74,29.67,,4.29,,1.13,,14.45904954,,3.808560836
214.55,30.67,,4.29,,2.13,,13.98761004,,6.944897294
215.35,35.67,,1.29,,-2.87,,3.616484441,,-8.045977011
216.15,41.67,,2.29,,-1.87,,5.495560355,,-4.487640989
216.95,44.67,,4.29,,1.13,,9.603760913,,2.529661966
217.75,46.67,,3.29,,1.13,,7.049496465,,2.421255625
218.55,47.67,,2.29,,-0.87,,4.80385987,,-1.825047199
219.35,50.67,,5.29,,0.13,,10.44010262,,0.256562068
220.15,54.67,,4.29,,0.13,,7.847082495,,0.237790379
220.95,63.67,,3.29,,1.13,,5.167268729,,1.77477619
221.75,67.67,,3.29,,0.13,,4.861829467,,0.192108763
222.55,67.67,,7.29,,5.13,,10.77286833,,7.580907344
223.35,74.67,,6.29,,2.13,,8.423731083,,2.852551225
224.15,85.67,,7.29,,-1.87,,8.509396522,,-2.182794444
224.95,97.67,,7.29,,1.13,,7.463909082,,1.1569571
225.75,106.67,,5.29,,4.13,,4.959220024,,3.871754008
226.55,120.67,,6.29,,0.13,,5.212563189,,0.107731831
227.35,124.67,,8.29,,3.13,,6.649554825,,2.510628058
228.15,135.67,,6.29,,3.13,,4.636249724,,2.307068622
228.94,149.67,,7.29,,-0.87,,4.870715574,,-0.581278813
229.74,166.67,,7.29,,0.13,,4.373912522,,0.07799844
230.54,181.67,,10.29,,1.13,,5.664116255,,0.622006936
231.34,196.67,,10.29,,3.13,,5.23211471,,1.591498449
232.14,203.67,,11.29,,2.13,,5.543280797,,1.045809398
232.94,212.67,,11.29,,-0.87,,5.308694221,,-0.409084497
233.74,225.67,,12.29,,1.13,,5.446005229,,0.500731156
234.54,231.67,,10.29,,1.13,,4.44166271,,0.487762766
235.34,248.67,,12.29,,1.13,,4.942292999,,0.454417501
236.14,268.67,,12.29,,1.13,,4.574384933,,0.420590315
236.94,273.67,,18.29,,3.13,,6.683231629,,1.143713231
237.73,290.67,,15.29,,0.13,,5.260260777,,0.044724258
238.53,283.67,,13.29,,2.13,,4.685021328,,0.750872493
239.33,297.67,,17.29,,6.13,,5.808445594,,2.059327443
240.13,312.67,,17.29,,1.13,,5.529791793,,0.361403397
240.93,309.67,,14.29,,2.13,,4.614589725,,0.687828979
241.73,292.67,,17.29,,2.13,,5.907677589,,0.727782144
242.53,295.67,,16.29,,3.13,,5.509520749,,1.058612642
243.32,293.67,,11.29,,-0.87,,3.844451255,,-0.296250894
244.12,274.67,,14.29,,1.13,,5.202606764,,0.411402774
244.92,251.67,,14.29,,2.13,,5.678070489,,0.846346406
245.72,229.67,,12.29,,1.13,,5.351156006,,0.492010276
246.52,209.67,,10.29,,1.13,,4.907712119,,0.538942147
247.32,181.67,,11.29,,2.13,,6.21456487,,1.172455551
248.11,186.67,,13.29,,1.13,,7.119515723,,0.605346333
248.91,232.67,,9.29,,1.13,,3.992779473,,0.485666394
249.71,340.67,,13.29,,1.13,,3.901135997,,0.331699298
250.51,725.67,,29.29,,2.13,,4.03626993,,0.293521849
251.31,2110.67,,75.29,,2.13,,3.56711376,,0.100915823
252.1,4463.67,,165.29,,3.13,,3.703006719,,0.070121671
252.9,7814.67,,310.29,,3.13,,3.970609124,,0.040052875
253.7,15676.67,,663.29,,2.13,,4.231064378,,0.013587069
254.5,41224.67,,1808.29,,2.13,,4.386426865,,0.005166809
255.29,56500.67,,2507.29,,2.13,,4.437628793,,0.003769867
256.09,13833.67,,635.29,,1.13,,4.592346066,,0.008168476
256.89,1639.67,,85.29,,2.13,,5.201656431,,0.129904188
257.69,522.67,,31.29,,2.13,,5.986568963,,0.407522911
258.48,336.67,,27.29,,3.13,,8.105860338,,0.929693765
259.28,269.67,,22.29,,4.13,,8.265658026,,1.531501465
260.08,199.67,,19.29,,0.13,,9.660940552,,0.065107427
260.87,165.67,,15.29,,2.13,,9.22919056,,1.285688417
261.67,136.67,,13.29,,3.13,,9.724153069,,2.290188044
262.47,122.67,,15.29,,5.13,,12.46433521,,4.181951577
263.26,115.67,,15.29,,3.13,,13.21863923,,2.705973891
264.06,118.67,,17.29,,7.13,,14.56981545,,6.008258195
264.86,136.67,,21.29,,3.13,,15.57766884,,2.290188044
265.66,203.67,,32.29,,0.13,,15.85407767,,0.063828743
266.45,384.67,,57.29,,3.13,,14.89328515,,0.813684457
267.25,267.67,,51.29,,3.13,,19.16165428,,1.169350319
268.04,74.67,,13.29,,2.13,,17.79831258,,2.852551225
268.84,43.67,,13.29,,-0.87,,30.43279139,,-1.992214335
269.64,37.67,,13.29,,3.13,,35.28006371,,8.308999204
270.43,41.67,,17.29,,3.13,,41.49268059,,7.511399088
271.23,44.67,,15.29,,3.13,,34.2287889,,7.006939781
272.03,36.67,,14.29,,5.13,,38.96918462,,13.98963731
272.82,35.67,,16.29,,2.13,,45.6686291,,5.971404542
273.62,43.67,,17.29,,0.13,,39.59239753,,0.297687199
274.41,47.67,,21.29,,5.13,,44.6612125,,10.76148521
275.21,58.67,,24.29,,6.13,,41.40105676,,10.44826998
276.01,84.67,,35.29,,7.13,,41.67946144,,8.42092831
276.8,114.67,,44.29,,5.13,,38.62387721,,4.47370716
277.6,58.67,,27.29,,8.13,,46.51440259,,13.85716721
278.39,47.67,,24.29,,7.13,,50.95447871,,14.95699601
279.19,50.67,,29.29,,4.13,,57.80540754,,8.150779554
279.99,53.67,,28.29,,6.13,,52.71101174,,11.42165083
280.78,73.67,,38.29,,7.13,,51.97502375,,9.6782951
281.58,107.67,,55.29,,7.13,,51.35135135,,6.622086004
282.37,87.67,,44.29,,7.13,,50.51899167,,8.132770617
283.17,68.67,,42.29,,11.13,,61.58438911,,16.20795107
283.96,75.67,,46.29,,13.13,,61.17351659,,17.35165852
284.76,60.67,,38.29,,11.13,,63.11191693,,18.34514587
285.55,54.67,,38.29,,11.13,,70.03841229,,20.35851472
286.35,57.67,,43.29,,16.13,,75.06502514,,27.96948153
287.14,68.67,,44.29,,13.13,,64.49686908,,19.12043105
287.94,76.67,,53.29,,15.13,,69.50567367,,19.73392461
288.73,94.67,,64.29,,16.13,,67.90958065,,17.03813246
289.53,135.67,,87.29,,19.13,,64.33994251,,14.10039065
290.32,251.67,,158.29,,17.13,,62.89585568,,6.806532364
291.12,220.67,,148.29,,20.13,,67.19989124,,9.122218698
291.91,90.67,,64.29,,21.13,,70.90548142,,23.30429028
292.71,75.67,,60.29,,20.13,,79.67490419,,26.60235232
293.5,99.67,,74.29,,26.13,,74.5359687,,26.2165145
294.3,153.67,,106.29,,25.13,,69.16769701,,16.35322444
295.09,243.67,,159.29,,29.13,,65.37119875,,11.95469282
295.88,381.67,,259.29,,36.13,,67.93565122,,9.466292871
296.68,672.67,,494.29,,43.13,,73.48179642,,6.411762082
297.47,1588.67,,1172.29,,73.13,,73.79065508,,4.603221563
298.27,1932.67,,1461.29,,83.13,,75.60990754,,4.301303378
299.06,456.67,,363.29,,39.13,,79.55197407,,8.568550595
299.86,131.67,,107.29,,33.13,,81.48401306,,25.16138832
300.65,142.67,,109.29,,33.13,,76.60335039,,23.22142006
301.44,191.67,,147.29,,40.13,,76.84562008,,20.93702718
302.24,305.67,,241.29,,49.13,,78.93807047,,16.07288906
303.03,633.67,,519.29,,89.13,,81.94959522,,14.06568087
303.83,623.67,,538.29,,92.13,,86.31006782,,14.77223532
304.62,158.67,,140.29,,34.13,,88.41620974,,21.51005231
305.41,61.67,,56.29,,25.13,,91.27614724,,40.74914869
306.21,43.67,,40.29,,16.13,,92.26013281,,36.93611175
307,39.67,,31.29,,15.13,,78.87572473,,38.13965213
307.79,41.67,,32.29,,17.13,,77.48980082,,41.1087113
308.59,44.67,,36.29,,19.13,,81.24020595,,42.8251623
309.38,79.67,,54.29,,28.13,,68.14359232,,35.3081461
310.17,207.67,,151.29,,71.13,,72.85115809,,34.25145664
310.97,581.67,,430.29,,193.13,,73.97493424,,33.20267506
311.76,1157.67,,935.29,,426.13,,80.7907262,,36.80928071
312.55,2136.67,,1871.29,,872.13,,87.57973857,,40.81725302
313.35,4894.67,,4581.29,,2162.13,,93.59752547,,44.17315161
314.14,7881.67,,7575.29,,3626.13,,96.11275275,,46.00712793
314.93,3869.67,,3774.29,,1851.13,,97.53519034,,47.83689565
315.72,494.67,,486.29,,238.13,,98.30594133,,48.13916348
316.52,93.67,,84.29,,45.13,,89.98612149,,48.17978008
317.31,48.67,,43.29,,24.13,,88.94596261,,49.57879597
318.1,35.67,,33.29,,19.13,,93.32772638,,53.63050182
318.89,34.67,,32.29,,19.13,,93.13527545,,55.17738679
319.69,33.67,,27.29,,17.13,,81.05138105,,50.87615088
320.48,31.67,,28.29,,18.13,,89.32743922,,57.24660562
321.27,30.67,,29.29,,18.13,,95.50048908,,59.11313988
322.06,28.67,,26.29,,17.13,,91.69863969,,59.74886641
322.86,27.67,,27.29,,17.13,,98.62667149,,61.90820383
323.65,25.67,,26.29,,19.13,,102.4152707,,74.52278925
324.44,27.67,,24.29,,19.13,,87.78460426,,69.13624864
325.23,23.67,,25.29,,19.13,,106.8441065,,80.81960287
326.03,28.67,,25.29,,20.13,,88.21067318,,70.21276596
326.82,29.67,,24.29,,18.13,,81.86720593,,61.10549376
327.61,27.67,,25.29,,20.13,,91.39862667,,72.75027105
328.4,24.67,,23.29,,18.13,,94.40616133,,73.49006891
329.19,26.67,,25.29,,21.13,,94.82564679,,79.22759655
329.98,27.67,,27.29,,25.13,,98.62667149,,90.82038309
330.78,29.67,,29.29,,23.13,,98.71924503,,77.95753286
331.57,31.67,,32.29,,27.13,,101.9576887,,85.66466688
332.36,55.67,,51.29,,47.13,,92.13220765,,84.65960122
333.15,91.67,,82.29,,72.13,,89.76764481,,78.68441148
333.94,137.67,,135.29,,126.13,,98.2712283,,91.61763638
334.73,283.67,,296.29,,270.13,,104.4488314,,95.2268481
335.52,408.67,,435.29,,399.13,,106.5138131,,97.66559816
336.32,133.67,,144.29,,134.13,,107.944939,,100.3441311
337.11,44.67,,49.29,,46.13,,110.3425118,,103.2684128
337.9,37.67,,39.29,,35.13,,104.3005044,,93.25723387
338.69,38.67,,41.29,,39.13,,106.775278,,101.1895526
339.48,41.67,,44.29,,39.13,,106.287497,,93.90448764
340.27,40.67,,40.29,,41.13,,99.06565036,,101.1310548
341.06,41.67,,43.29,,41.13,,103.887689,,98.70410367
341.85,43.67,,45.29,,43.13,,103.7096405,,98.76345317
342.64,45.67,,44.29,,45.13,,96.97832275,,98.81760455
343.43,47.67,,49.29,,49.13,,103.3983638,,103.0627229
344.22,46.67,,49.29,,48.13,,105.6138847,,103.128348
345.02,52.67,,53.29,,51.13,,101.1771407,,97.07613442
345.81,49.67,,53.29,,53.13,,107.2881015,,106.9659754
346.6,50.67,,56.29,,55.13,,111.0913756,,108.8020525
347.39,54.67,,61.29,,59.13,,112.1090177,,108.1580391
348.18,57.67,,62.29,,61.13,,108.0110976,,105.9996532
348.97,59.67,,66.29,,63.13,,111.0943523,,105.7985587
349.76,63.67,,67.29,,70.13,,105.6855662,,110.1460657
350.55,65.67,,65.29,,67.13,,99.42134917,,102.2232374
351.34,64.67,,71.29,,69.13,,110.2365857,,106.8965517
352.13,72.67,,79.29,,74.13,,109.1096739,,102.0090822
352.92,73.67,,74.29,,77.13,,100.8415909,,104.6966201
353.71,73.67,,77.29,,74.13,,104.9138048,,100.6244061
354.5,78.67,,78.29,,79.13,,99.51696962,,100.584721
355.29,77.67,,83.29,,82.13,,107.235741,,105.7422428
356.08,76.67,,81.29,,80.13,,106.025825,,104.5128473
356.87,78.67,,79.29,,85.13,,100.7881022,,108.2115165
357.66,80.67,,83.29,,81.13,,103.2477997,,100.5702244
358.44,77.67,,81.29,,77.13,,104.6607442,,99.30475087
359.23,78.67,,81.29,,79.13,,103.3303674,,100.584721
360.02,86.67,,86.29,,88.13,,99.56155532,,101.6845506
360.81,90.67,,93.29,,96.13,,102.8895996,,106.0218374
361.6,114.67,,112.29,,115.13,,97.92447894,,100.4011511
362.39,183.67,,169.29,,166.13,,92.170741,,90.45026406
363.18,438.67,,394.29,,369.13,,89.8830556,,84.14753687
363.97,984.67,,909.29,,869.13,,92.34464338,,88.26611961
364.76,1973.67,,1965.29,,1955.13,,99.57541028,,99.06063324
365.55,5136.67,,5328.29,,5397.13,,103.7304324,,105.0706002
366.34,7653.67,,8316.29,,8413.13,,108.657546,,109.9228213
367.12,3731.67,,4083.29,,4158.13,,109.422591,,111.4281274
367.91,1299.67,,1453.29,,1468.13,,111.8199235,,112.9617518
368.7,227.67,,247.29,,251.13,,108.6177362,,110.3043879
369.49,87.67,,88.29,,90.13,,100.7071974,,102.805977
370.28,65.67,,68.29,,70.13,,103.9896452,,106.7915334
371.07,68.67,,69.29,,68.13,,100.9028688,,99.21363041
371.86,61.67,,65.29,,63.13,,105.869953,,102.3674396
372.64,58.67,,60.29,,61.13,,102.7612067,,104.1929436
373.43,60.67,,65.29,,67.13,,107.6149662,,110.6477666
374.22,60.67,,64.29,,65.13,,105.9667051,,107.3512444
375.01,65.67,,64.29,,63.13,,97.89858383,,96.13217603
375.8,62.67,,67.29,,70.13,,107.3719483,,111.9036221
376.58,63.67,,69.29,,72.13,,108.826763,,113.2872624
377.37,66.67,,71.29,,68.13,,106.9296535,,102.1898905
378.16,65.67,,71.29,,79.13,,108.5579412,,120.4964215
378.95,72.67,,81.29,,76.13,,111.8618412,,104.7612495
379.74,75.67,,79.29,,83.13,,104.7839302,,109.8585965
380.52,78.67,,87.29,,86.13,,110.9571628,,109.482649
381.31,82.67,,94.29,,90.13,,114.0558848,,109.0238297
382.1,84.67,,91.29,,87.13,,107.8185898,,102.9053974
382.89,91.67,,91.29,,93.13,,99.58546962,,101.5926694
383.67,90.67,,98.29,,95.13,,108.4041028,,104.9189368
384.46,93.67,,99.29,,100.13,,105.9997865,,106.8965517
385.25,93.67,,99.29,,99.13,,105.9997865,,105.8289741
386.04,94.67,,97.29,,106.13,,102.7675082,,112.1052076
386.82,97.67,,108.29,,105.13,,110.873349,,107.6379646
387.61,100.67,,104.29,,104.13,,103.5959074,,103.4369723
388.4,100.67,,110.29,,114.13,,109.555975,,113.3704182
389.18,103.67,,112.29,,117.13,,108.3148452,,112.9835054
389.97,100.67,,108.29,,111.13,,107.5692858,,110.3903844
390.76,115.67,,121.29,,116.13,,104.8586496,,100.3976831
391.54,133.67,,143.29,,144.13,,107.196828,,107.8252413
392.33,118.67,,123.29,,123.13,,103.8931491,,103.7583214
393.12,105.67,,108.29,,112.13,,102.4794171,,106.1133718
393.9,105.67,,114.29,,118.13,,108.1574714,,111.7914261
394.69,106.67,,119.29,,122.13,,111.8308803,,114.4932971
395.48,101.67,,108.29,,112.13,,106.5112619,,110.2881873
396.26,99.67,,102.29,,104.13,,102.6286746,,104.4747667
397.05,99.67,,109.29,,115.13,,109.6518511,,115.5111869
397.84,91.67,,99.29,,98.13,,108.312425,,107.0470165
398.62,92.67,,90.29,,96.13,,97.43174706,,103.7336786
399.41,101.67,,102.29,,108.13,,100.6098161,,106.35389
400.19,104.67,,106.29,,99.13,,101.5477214,,94.70717493
400.98,119.67,,113.29,,111.13,,94.66867218,,92.86370853
401.77,175.67,,158.29,,160.13,,90.10644959,,91.15386805
402.55,461.67,,404.29,,391.13,,87.57120887,,84.72068794
403.34,1349.67,,1228.29,,1197.13,,91.00669052,,88.69797802
404.12,2976.67,,2952.29,,2916.13,,99.18096396,,97.96618369
404.91,8223.67,,8535.29,,8677.13,,103.7893057,,105.5140831
405.69,14894.67,,16050.29,,16446.13,,107.7586143,,110.4162093
406.48,4693.67,,5179.29,,5313.13,,110.3462749,,113.1977749
407.27,974.67,,1028.29,,1054.13,,105.5013492,,108.1525029
408.05,1257.67,,1316.29,,1331.13,,104.6610001,,105.8409599
408.84,1979.67,,2115.29,,2185.13,,106.8506367,,110.3784974
409.62,664.67,,731.29,,763.13,,110.0230189,,114.813366
410.41,206.67,,221.29,,233.13,,107.0740795,,112.8030193
411.19,169.67,,175.29,,188.13,,103.3123121,,110.8799434
411.98,164.67,,176.29,,182.13,,107.0565373,,110.6030242
412.76,164.67,,176.29,,185.13,,107.0565373,,112.4248497
413.55,175.67,,188.29,,196.13,,107.1839244,,111.6468378
414.33,181.67,,197.29,,200.13,,108.5980074,,110.1612814
415.12,197.67,,206.29,,215.13,,104.3608034,,108.8329033
415.9,206.67,,213.29,,221.13,,103.2031741,,106.9966613
416.69,223.67,,239.29,,244.13,,106.9835025,,109.1474047
417.47,217.67,,226.29,,239.13,,103.9601231,,109.8589608
418.26,211.67,,230.29,,239.13,,108.7967119,,112.973024
419.04,219.67,,236.29,,253.13,,107.5658943,,115.2319388
419.82,235.67,,246.29,,256.13,,104.5063012,,108.6816311
420.61,230.67,,255.29,,264.13,,110.6732562,,114.5055707
421.39,213.67,,238.29,,246.13,,111.5224411,,115.1916507
422.18,210.67,,236.29,,239.13,,112.1612,,113.5092799
422.96,229.67,,249.29,,267.13,,108.5426917,,116.3103583
423.75,190.67,,205.29,,212.13,,107.6676981,,111.255048
424.53,183.67,,194.29,,197.13,,105.7821092,,107.3283606
425.31,235.67,,252.29,,268.13,,107.0522341,,113.7734968
426.1,243.67,,267.29,,279.13,,109.6934378,,114.5524685
426.88,233.67,,248.29,,253.13,,106.2566868,,108.3279839
427.67,231.67,,237.29,,249.13,,102.4258644,,107.5365822
428.45,239.67,,249.29,,252.13,,104.0138524,,105.198815
429.23,212.67,,217.29,,221.13,,102.1723797,,103.9779941
430.02,225.67,,224.29,,226.13,,99.38848761,,100.2038375
430.8,233.67,,227.29,,233.13,,97.26965379,,99.76890487
431.58,229.67,,223.29,,225.13,,97.22210128,,98.02325075
432.37,274.67,,262.29,,265.13,,95.49277315,,96.52674118
433.15,433.67,,386.29,,387.13,,89.07464201,,89.26833768
433.93,1139.67,,1012.29,,991.13,,88.82308037,,86.96640256
434.72,3532.67,,3314.29,,3269.13,,93.81827343,,92.53992023
435.5,8634.67,,8557.29,,8616.13,,99.10384531,,99.78528421
436.28,25824.67,,26596.29,,27175.13,,102.9879181,,105.2293408
437.07,27184.67,,29203.29,,30073.13,,107.4255821,,110.6253267
437.85,4750.67,,5259.29,,5433.13,,110.7062793,,114.3655526
438.63,678.67,,745.29,,766.13,,109.8162583,,112.8869701
439.41,208.67,,225.29,,234.13,,107.964729,,112.201083
440.2,116.67,,130.29,,134.13,,111.6739522,,114.9652867
440.98,95.67,,102.29,,109.13,,106.9196195,,114.0691962
441.76,79.67,,83.29,,83.13,,104.5437429,,104.3429145
442.54,66.67,,70.29,,75.13,,105.4297285,,112.6893655
443.33,62.67,,65.29,,65.13,,104.1806287,,103.9253231
444.11,47.67,,56.29,,53.13,,118.0826516,,111.4537445
444.89,43.67,,46.29,,48.13,,105.999542,,110.2129608
445.67,37.67,,39.29,,45.13,,104.3005044,,119.8035572
446.46,34.67,,36.29,,37.13,,104.6726276,,107.0954716
447.24,31.67,,35.29,,36.13,,111.4303757,,114.0827281
448.02,25.67,,33.29,,33.13,,129.6844566,,129.0611609
448.8,26.67,,32.29,,31.13,,121.072366,,116.7229096
449.58,25.67,,25.29,,26.13,,98.51967277,,101.7919751
450.37,23.67,,24.29,,27.13,,102.6193494,,114.6176595
451.15,25.67,,27.29,,27.13,,106.3108687,,105.687573
451.93,27.67,,27.29,,29.13,,98.62667149,,105.2764727
452.71,21.67,,21.29,,21.13,,98.24642363,,97.50807568
453.49,19.67,,23.29,,25.13,,118.4036604,,127.7580071
454.27,21.67,,21.29,,23.13,,98.24642363,,106.737425
455.06,21.67,,24.29,,24.13,,112.0904476,,111.3520997
455.84,19.67,,20.29,,22.13,,103.1520081,,112.5063549
456.62,13.67,,17.29,,19.13,,126.481346,,139.9414777
457.4,18.67,,16.29,,16.13,,87.25227638,,86.39528656
458.18,15.67,,17.29,,20.13,,110.3382259,,128.4620294
458.96,17.67,,20.29,,22.13,,114.8273911,,125.2405207
459.74,19.67,,20.29,,20.13,,103.1520081,,102.3385867
460.52,17.67,,18.29,,20.13,,103.5087719,,113.9219015
461.31,18.67,,18.29,,20.13,,97.96464917,,107.8200321
462.09,18.67,,19.29,,19.13,,103.3208356,,102.4638457
462.87,17.67,,15.29,,16.13,,86.53084324,,91.28466327
463.65,14.67,,13.29,,16.13,,90.59304703,,109.9522836
464.43,15.67,,15.29,,16.13,,97.57498405,,102.9355456
465.21,15.67,,15.29,,15.13,,97.57498405,,96.5539247
465.99,15.67,,16.29,,18.13,,103.956605,,115.6987875
466.77,16.67,,18.29,,18.13,,109.7180564,,108.7582484
467.55,15.67,,15.29,,15.13,,97.57498405,,96.5539247
468.33,12.67,,13.29,,14.13,,104.8934491,,111.5232833
469.11,12.67,,12.29,,14.13,,97.00078927,,111.5232833
469.89,14.67,,16.29,,13.13,,111.0429448,,89.50238582
470.67,15.67,,14.29,,15.13,,91.19336311,,96.5539247
471.45,15.67,,16.29,,15.13,,103.956605,,96.5539247
472.23,11.67,,17.29,,18.13,,148.1576692,,155.3556127
473.01,16.67,,16.29,,18.13,,97.72045591,,108.7582484
473.79,18.67,,18.29,,16.13,,97.96464917,,86.39528656
474.57,16.67,,16.29,,19.13,,97.72045591,,114.7570486
475.35,13.67,,16.29,,16.13,,119.1660571,,117.9956108
476.13,15.67,,14.29,,18.13,,91.19336311,,115.6987875
476.91,18.67,,18.29,,20.13,,97.96464917,,107.8200321
477.69,18.67,,21.29,,21.13,,114.0332084,,113.1762185
478.47,13.67,,13.29,,13.13,,97.2201902,,96.04974396
479.25,15.67,,12.29,,13.13,,78.43012125,,83.79068283
480.03,13.67,,15.29,,14.13,,111.8507681,,103.3650329
480.81,14.67,,14.29,,15.13,,97.40967962,,103.135651
481.59,14.67,,15.29,,16.13,,104.2263122,,109.9522836
482.37,12.67,,13.29,,14.13,,104.8934491,,111.5232833
483.14,13.67,,13.29,,16.13,,97.2201902,,117.9956108
483.92,15.67,,15.29,,14.13,,97.57498405,,90.17230377
484.7,15.67,,17.29,,18.13,,110.3382259,,115.6987875
485.48,14.67,,17.29,,15.13,,117.8595774,,103.135651
486.26,16.67,,17.29,,18.13,,103.7192561,,108.7582484
487.04,16.67,,16.29,,13.13,,97.72045591,,78.76424715
487.82,17.67,,17.29,,15.13,,97.84946237,,85.62535371
488.6,18.67,,19.29,,21.13,,103.3208356,,113.1762185
489.37,20.67,,19.29,,17.13,,93.32365747,,82.87373004
490.15,21.67,,23.29,,23.13,,107.475773,,106.737425
490.93,40.67,,40.29,,42.13,,99.06565036,,103.5898697
491.71,123.67,,126.29,,127.13,,102.1185413,,102.7977683
492.49,223.67,,230.29,,242.13,,102.9597174,,108.2532302
493.27,74.67,,75.29,,80.13,,100.8303201,,107.3121736
494.04,21.67,,24.29,,26.13,,112.0904476,,120.581449
494.82,15.67,,14.29,,17.13,,91.19336311,,109.3171666
495.6,15.67,,15.29,,15.13,,97.57498405,,96.5539247
496.38,15.67,,14.29,,13.13,,91.19336311,,83.79068283
497.16,13.67,,16.29,,17.13,,119.1660571,,125.3108998
497.93,14.67,,14.29,,13.13,,97.40967962,,89.50238582
498.71,11.67,,13.29,,14.13,,113.8817481,,121.0796915
499.49,13.67,,13.29,,13.13,,97.2201902,,96.04974396
500.27,12.67,,13.29,,13.13,,104.8934491,,103.6306235
501.04,11.67,,13.29,,14.13,,113.8817481,,121.0796915
501.82,13.67,,16.29,,16.13,,119.1660571,,117.9956108
502.6,16.67,,17.29,,17.13,,103.7192561,,102.7594481
503.38,17.67,,19.29,,19.13,,109.1680815,,108.262592
504.15,14.67,,16.29,,15.13,,111.0429448,,103.135651
504.93,12.67,,15.29,,15.13,,120.6787687,,119.4159432
505.71,14.67,,12.29,,13.13,,83.77641445,,89.50238582
506.48,14.67,,15.29,,17.13,,104.2263122,,116.7689162
507.26,15.67,,17.29,,17.13,,110.3382259,,109.3171666
508.04,14.67,,15.29,,16.13,,104.2263122,,109.9522836
508.82,16.67,,17.29,,15.13,,103.7192561,,90.76184763
509.59,17.67,,18.29,,17.13,,103.5087719,,96.94397284
510.37,16.67,,17.29,,19.13,,103.7192561,,114.7570486
511.15,17.67,,17.29,,18.13,,97.84946237,,102.6032824
511.92,17.67,,18.29,,20.13,,103.5087719,,113.9219015
512.7,17.67,,20.29,,19.13,,114.8273911,,108.262592
513.47,20.67,,16.29,,20.13,,78.80986938,,97.38751814
514.25,21.67,,23.29,,23.13,,107.475773,,106.737425
515.03,20.67,,22.29,,26.13,,107.8374456,,126.4150943
515.8,24.67,,24.29,,23.13,,98.45966761,,93.75760032
516.58,24.67,,22.29,,26.13,,90.35265505,,105.9181192
517.36,23.67,,27.29,,25.13,,115.2936206,,106.1681453
518.13,25.67,,28.29,,29.13,,110.2064667,,113.478769
518.91,27.67,,27.29,,28.13,,98.62667149,,101.6624503
519.68,27.67,,29.29,,28.13,,105.8547163,,101.6624503
520.46,27.67,,28.29,,32.13,,102.2406939,,116.1185399
521.24,33.67,,33.29,,35.13,,98.87139887,,104.3362043
522.01,34.67,,38.29,,39.13,,110.4413037,,112.8641477
522.79,34.67,,38.29,,40.13,,110.4413037,,115.7484857
523.56,37.67,,41.29,,44.13,,109.609769,,117.1489249
524.34,44.67,,41.29,,43.13,,92.43340049,,96.55249608
525.11,43.67,,47.29,,49.13,,108.2894436,,112.5028624
525.89,47.67,,49.29,,53.13,,103.3983638,,111.4537445
526.66,52.67,,56.29,,56.13,,106.8729827,,106.5692045
527.44,59.67,,60.29,,63.13,,101.0390481,,105.7985587
528.21,60.67,,66.29,,67.13,,109.2632273,,110.6477666
528.99,66.67,,67.29,,69.13,,100.9299535,,103.6898155
529.76,69.67,,72.29,,73.13,,103.7605856,,104.9662696
530.54,79.67,,80.29,,86.13,,100.7782101,,108.1084473
531.31,80.67,,87.29,,89.13,,108.2062725,,110.48717
532.09,87.67,,87.29,,90.13,,99.5665564,,102.805977
532.86,93.67,,95.29,,105.13,,101.7294758,,112.2344401
533.64,109.67,,118.29,,123.13,,107.8599435,,112.2731832
534.41,123.67,,125.29,,132.13,,101.3099377,,106.840786
535.19,127.67,,130.29,,133.13,,102.0521657,,104.2766507
535.96,132.67,,148.29,,152.13,,111.7735735,,114.6679732
536.74,147.67,,156.29,,164.13,,105.83734,,111.1464752
537.51,156.67,,153.29,,167.13,,97.84259909,,106.6764537
538.28,176.67,,187.29,,191.13,,106.0112073,,108.1847512
539.06,187.67,,199.29,,212.13,,106.1917195,,113.0335163
539.83,209.67,,215.29,,222.13,,102.6804025,,105.9426718
540.61,263.67,,272.29,,280.13,,103.2692381,,106.2426518
541.38,307.67,,307.29,,324.13,,99.87649105,,105.3498879
542.15,355.67,,357.29,,373.13,,100.4554784,,104.9090449
542.93,445.67,,460.29,,469.13,,103.2804541,,105.2639846
543.7,603.67,,604.29,,615.13,,100.1027051,,101.8983882
544.48,1026.67,,1019.29,,1049.13,,99.28117117,,102.1876552
545.25,3636.67,,3614.29,,3695.13,,99.38460185,,101.6075146
546.02,22164.67,,22319.29,,22807.13,,100.6975967,,102.8985769
546.8,56669.67,,57980.29,,59458.13,,102.3127362,,104.920551
547.57,20084.67,,21237.29,,21913.13,,105.7388048,,109.1037592
548.34,3025.67,,3232.29,,3347.13,,106.8289007,,110.6244237
549.12,957.67,,1014.29,,1064.13,,105.9122662,,111.1165642
549.89,539.67,,582.29,,597.13,,107.8974188,,110.6472474
550.66,375.67,,399.29,,416.13,,106.2874331,,110.7700908
551.43,306.67,,325.29,,335.13,,106.0716731,,109.2803339
552.21,255.67,,273.29,,284.13,,106.8916963,,111.1315367
552.98,213.67,,227.29,,233.13,,106.3743155,,109.1075022
553.75,181.67,,189.29,,202.13,,104.1944185,,111.2621787
554.53,156.67,,164.29,,172.13,,104.8637263,,109.8678752
555.3,137.67,,144.29,,149.13,,104.8086003,,108.3242537
556.07,114.67,,125.29,,129.13,,109.2613587,,112.6100985
556.84,105.67,,111.29,,118.13,,105.3184442,,111.7914261
557.62,93.67,,98.29,,103.13,,104.9322088,,110.0992847
558.39,83.67,,90.29,,91.13,,107.9120354,,108.9159794
559.16,73.67,,77.29,,81.13,,104.9138048,,110.1262386
559.93,66.67,,72.29,,76.13,,108.4295785,,114.1892905
560.71,66.67,,72.29,,72.13,,108.4295785,,108.1895905
561.48,69.67,,70.29,,71.13,,100.8899096,,102.0955935
562.25,59.67,,64.29,,66.13,,107.7425842,,110.8262108
563.02,52.67,,61.29,,61.13,,116.3660528,,116.0622745
563.79,53.67,,57.29,,57.13,,106.7449227,,106.4468045
564.57,52.67,,60.29,,64.13,,114.4674388,,121.7581166
565.34,58.67,,61.29,,62.13,,104.4656554,,105.8973922
566.11,58.67,,62.29,,64.13,,106.170104,,109.3062894
566.88,64.67,,63.29,,65.13,,97.86608938,,100.7113035
567.65,66.67,,68.29,,70.13,,102.4298785,,105.1897405
568.42,67.67,,67.29,,66.13,,99.43845131,,97.72425004
569.2,65.67,,70.29,,66.13,,107.0351759,,100.7004721
569.97,64.67,,66.29,,69.13,,102.5050255,,106.8965517
570.74,61.67,,67.29,,70.13,,109.1130209,,113.7181774
571.51,73.67,,76.29,,82.13,,103.5564002,,111.4836433
572.28,86.67,,80.29,,88.13,,92.63874466,,101.6845506
573.05,87.67,,91.29,,89.13,,104.1291206,,101.6653359
573.82,109.67,,115.29,,120.13,,105.1244643,,109.537704
574.59,139.67,,139.29,,144.13,,99.72793012,,103.1932412
575.36,208.67,,211.29,,219.13,,101.255571,,105.0126995
576.14,741.67,,753.29,,780.13,,101.5667345,,105.1855947
576.91,5885.67,,5962.29,,6119.13,,101.3018059,,103.9665832
577.68,15685.67,,16059.29,,16604.13,,102.3819193,,105.8554082
578.45,6163.67,,6448.29,,6664.13,,104.6177034,,108.1195132
579.22,10445.67,,10670.29,,10961.13,,102.1503647,,104.9346763
579.99,14907.67,,15438.29,,15941.13,,103.5593758,,106.9324046
580.76,3088.67,,3295.29,,3440.13,,106.6896107,,111.3790078
581.53,509.67,,554.29,,568.13,,108.7546844,,111.470167
582.3,191.67,,201.29,,208.13,,105.0190431,,108.5876767
583.07,111.67,,116.29,,120.13,,104.1371899,,107.5758933
583.84,81.67,,83.29,,86.13,,101.9835925,,105.4610016
584.61,65.67,,70.29,,73.13,,107.0351759,,111.3598295
585.38,57.67,,59.29,,62.13,,102.8090862,,107.733657
586.15,48.67,,53.29,,55.13,,109.4925005,,113.2730635
586.92,45.67,,50.29,,54.13,,110.1160499,,118.5241953
587.69,38.67,,43.29,,41.13,,111.9472459,,106.3615206
588.46,32.67,,35.29,,39.13,,108.0195898,,119.7734925
589.23,33.67,,37.29,,34.13,,110.7514108,,101.3662014
590,32.67,,33.29,,36.13,,101.8977655,,110.590756
590.77,27.67,,23.29,,23.13,,84.17058186,,83.59233827
591.54,26.67,,24.29,,28.13,,91.07611549,,105.4743157
592.31,25.67,,25.29,,29.13,,98.51967277,,113.478769
593.07,22.67,,22.29,,24.13,,98.32377592,,106.4402294
593.84,21.67,,20.29,,20.13,,93.63174896,,92.89340102
594.61,19.67,,20.29,,17.13,,103.1520081,,87.08693442
595.38,17.67,,17.29,,18.13,,97.84946237,,102.6032824
596.15,13.67,,15.29,,14.13,,111.8507681,,103.3650329
596.92,15.67,,12.29,,15.13,,78.43012125,,96.5539247
597.69,15.67,,14.29,,15.13,,91.19336311,,96.5539247
598.46,14.67,,13.29,,13.13,,90.59304703,,89.50238582
599.23,12.67,,13.29,,12.13,,104.8934491,,95.73796369
599.99,11.67,,15.29,,13.13,,131.0197087,,112.5107112
600.76,13.67,,15.29,,14.13,,111.8507681,,103.3650329
601.53,12.67,,11.29,,11.13,,89.10812944,,87.84530387
602.3,11.67,,12.29,,11.13,,105.3127678,,95.37275064
603.07,16.67,,16.29,,18.13,,97.72045591,,108.7582484
603.84,24.67,,25.29,,23.13,,102.5131739,,93.75760032
604.61,17.67,,21.29,,20.13,,120.4867006,,113.9219015
605.37,15.67,,14.29,,15.13,,91.19336311,,96.5539247
606.14,14.67,,15.29,,15.13,,104.2263122,,103.135651
606.91,11.67,,14.29,,14.13,,122.4507284,,121.0796915
607.68,15.67,,15.29,,17.13,,97.57498405,,109.3171666
608.44,16.67,,15.29,,17.13,,91.72165567,,102.7594481
609.21,10.67,,11.29,,12.13,,105.8106842,,113.683224
609.98,11.67,,12.29,,11.13,,105.3127678,,95.37275064
610.75,13.67,,14.29,,14.13,,104.5354792,,103.3650329
611.52,12.67,,11.29,,11.13,,89.10812944,,87.84530387
612.28,15.67,,14.29,,17.13,,91.19336311,,109.3171666
613.05,21.67,,22.29,,22.13,,102.8610983,,102.1227503
613.82,13.67,,13.29,,13.13,,97.2201902,,96.04974396
614.58,11.67,,11.29,,9.13,,96.74378749,,78.23479006
615.35,9.67,,9.29,,12.13,,96.07032058,,125.4395036
616.12,11.67,,12.29,,10.13,,105.3127678,,86.80377035
616.89,11.67,,11.29,,8.13,,96.74378749,,69.66580977
617.65,9.67,,12.29,,13.13,,127.0941055,,135.7807653
618.42,11.67,,13.29,,10.13,,113.8817481,,86.80377035
619.19,9.67,,9.29,,8.13,,96.07032058,,84.07445708
619.95,9.67,,7.29,,7.13,,75.38779731,,73.73319545
620.72,7.67,,10.29,,11.13,,134.1590613,,145.1108214
621.49,11.67,,9.29,,9.13,,79.60582691,,78.23479006
622.25,10.67,,10.29,,11.13,,96.43861293,,104.3111528
623.02,9.67,,9.29,,10.13,,96.07032058,,104.7569804
623.79,18.67,,16.29,,19.13,,87.25227638,,102.4638457
624.55,16.67,,14.29,,15.13,,85.72285543,,90.76184763
625.32,8.67,,6.29,,10.13,,72.54901961,,116.839677
626.09,7.67,,7.29,,9.13,,95.04563233,,119.0352021
626.85,8.67,,9.29,,9.13,,107.1510957,,105.3056517
627.62,7.67,,5.29,,7.13,,68.97001304,,92.95958279
628.38,6.67,,7.29,,7.13,,109.2953523,,106.8965517
629.15,8.67,,7.29,,7.13,,84.08304498,,82.23760092
629.91,11.67,,7.29,,9.13,,62.46786632,,78.23479006
630.68,8.67,,8.29,,6.13,,95.61707036,,70.70357555
631.45,6.67,,8.29,,10.13,,124.2878561,,151.874063
632.21,9.67,,7.29,,10.13,,75.38779731,,104.7569804
632.98,7.67,,6.29,,7.13,,82.00782269,,92.95958279
633.74,5.67,,7.29,,8.13,,128.5714286,,143.3862434
634.51,7.67,,7.29,,7.13,,95.04563233,,92.95958279
635.27,7.67,,6.29,,6.13,,82.00782269,,79.92177314
636.04,5.67,,6.29,,7.13,,110.9347443,,125.7495591
636.8,6.67,,8.29,,8.13,,124.2878561,,121.8890555
637.57,6.67,,9.29,,10.13,,139.2803598,,151.874063
638.33,8.67,,7.29,,7.13,,84.08304498,,82.23760092
639.1,8.67,,9.29,,10.13,,107.1510957,,116.839677
639.86,8.67,,9.29,,9.13,,107.1510957,,105.3056517
640.63,8.67,,8.29,,5.13,,95.61707036,,59.16955017
641.39,7.67,,8.29,,8.13,,108.083442,,105.9973924
642.16,16.67,,17.29,,19.13,,103.7192561,,114.7570486
642.92,12.67,,11.29,,11.13,,89.10812944,,87.84530387
643.69,6.67,,5.29,,7.13,,79.31034483,,106.8965517
644.45,7.67,,5.29,,6.13,,68.97001304,,79.92177314
645.22,6.67,,6.29,,6.13,,94.30284858,,91.90404798
645.98,6.67,,4.29,,4.13,,64.31784108,,61.91904048
646.74,6.67,,9.29,,6.13,,139.2803598,,91.90404798
647.51,7.67,,9.29,,7.13,,121.1212516,,92.95958279
648.27,9.67,,8.29,,7.13,,85.72905895,,73.73319545
649.04,6.67,,6.29,,9.13,,94.30284858,,136.8815592
649.8,5.67,,5.29,,7.13,,93.29805996,,125.7495591
650.56,8.67,,8.29,,4.13,,95.61707036,,47.6355248
651.33,7.67,,5.29,,6.13,,68.97001304,,79.92177314
652.09,5.67,,5.29,,9.13,,93.29805996,,161.0229277
652.86,5.67,,5.29,,9.13,,93.29805996,,161.0229277
653.62,7.67,,4.29,,6.13,,55.93220339,,79.92177314
654.38,7.67,,9.29,,6.13,,121.1212516,,79.92177314
655.15,5.67,,6.29,,9.13,,110.9347443,,161.0229277
655.91,8.67,,4.29,,6.13,,49.48096886,,70.70357555
656.67,8.67,,6.29,,6.13,,72.54901961,,70.70357555
657.44,4.67,,7.29,,7.13,,156.1027837,,152.6766595
658.2,7.67,,5.29,,7.13,,68.97001304,,92.95958279
658.96,6.67,,5.29,,7.13,,79.31034483,,106.8965517
659.73,4.67,,6.29,,7.13,,134.6895075,,152.6766595
660.49,6.67,,8.29,,8.13,,124.2878561,,121.8890555
661.25,6.67,,8.29,,7.13,,124.2878561,,106.8965517
662.01,8.67,,5.29,,4.13,,61.01499423,,47.6355248
662.78,6.67,,5.29,,7.13,,79.31034483,,106.8965517
663.54,6.67,,7.29,,7.13,,109.2953523,,106.8965517
664.3,9.67,,5.29,,5.13,,54.70527404,,53.05067218
665.06,5.67,,7.29,,6.13,,128.5714286,,108.1128748
665.83,4.67,,8.29,,7.13,,177.51606,,152.6766595
666.59,9.67,,11.29,,9.13,,116.7528438,,94.41571872
667.35,16.67,,16.29,,17.13,,97.72045591,,102.7594481
668.11,60.67,,67.29,,68.13,,110.9114884,,112.2960277
668.88,43.67,,48.29,,50.13,,110.5793451,,114.7927639
669.64,11.67,,11.29,,13.13,,96.74378749,,112.5107112
670.4,6.67,,9.29,,10.13,,139.2803598,,151.874063
671.16,6.67,,9.29,,10.13,,139.2803598,,151.874063
671.92,19.67,,20.29,,19.13,,103.1520081,,97.25470259
672.68,17.67,,17.29,,21.13,,97.84946237,,119.5812111
673.45,8.67,,7.29,,8.13,,84.08304498,,93.7716263
674.21,6.67,,7.29,,8.13,,109.2953523,,121.8890555
674.97,10.67,,7.29,,8.13,,68.32239925,,76.19493908
675.73,30.67,,30.29,,31.13,,98.76100424,,101.499837
676.49,19.67,,20.29,,21.13,,103.1520081,,107.4224708
677.25,12.67,,9.29,,11.13,,73.32280979,,87.84530387
678.01,9.67,,9.29,,8.13,,96.07032058,,84.07445708
678.78,9.67,,9.29,,8.13,,96.07032058,,84.07445708
679.54,5.67,,8.29,,7.13,,146.2081129,,125.7495591
680.3,5.67,,7.29,,5.13,,128.5714286,,90.47619048
681.06,5.67,,6.29,,6.13,,110.9347443,,108.1128748
681.82,8.67,,9.29,,7.13,,107.1510957,,82.23760092
682.58,7.67,,7.29,,9.13,,95.04563233,,119.0352021
683.34,4.67,,9.29,,8.13,,198.9293362,,174.0899358
684.1,7.67,,7.29,,8.13,,95.04563233,,105.9973924
684.86,9.67,,9.29,,9.13,,96.07032058,,94.41571872
685.62,9.67,,9.29,,11.13,,96.07032058,,115.098242
686.38,11.67,,10.29,,13.13,,88.1748072,,112.5107112
687.14,20.67,,20.29,,21.13,,98.16158684,,102.2254475
687.9,33.67,,30.29,,32.13,,89.96138996,,95.42619543
688.66,17.67,,17.29,,16.13,,97.84946237,,91.28466327
689.42,16.67,,17.29,,21.13,,103.7192561,,126.7546491
690.18,29.67,,32.29,,30.13,,108.8304685,,101.5503876
690.94,156.67,,158.29,,164.13,,101.0340206,,104.7616008
691.7,175.67,,184.29,,189.13,,104.9069278,,107.6620937
692.46,44.67,,48.29,,51.13,,108.1038728,,114.4616073
693.22,29.67,,27.29,,27.13,,91.97842939,,91.43916414
693.98,36.67,,35.29,,35.13,,96.23670575,,95.80038178
694.74,41.67,,43.29,,46.13,,103.887689,,110.7031437
695.5,96.67,,105.29,,110.13,,108.9169339,,113.9236578
696.26,821.67,,841.29,,867.13,,102.3878199,,105.5326348
697.02,3736.67,,3755.29,,3849.13,,100.4983046,,103.0096316
697.78,1789.67,,1818.29,,1888.13,,101.5991775,,105.5015729
698.54,278.67,,291.29,,293.13,,104.528654,,105.1889331
699.3,72.67,,71.29,,73.13,,98.10100454,,100.6329985
700.06,34.67,,38.29,,36.13,,110.4413037,,104.2111335
700.82,22.67,,22.29,,24.13,,98.32377592,,106.4402294
701.58,16.67,,18.29,,18.13,,109.7180564,,108.7582484
702.34,16.67,,20.29,,21.13,,121.7156569,,126.7546491
703.09,26.67,,29.29,,30.13,,109.823772,,112.9733783
703.85,34.67,,33.29,,38.13,,96.0196135,,109.9798096
704.61,22.67,,23.29,,23.13,,102.7348919,,102.0291134
705.37,28.67,,26.29,,29.13,,91.69863969,,101.6044646
706.13,107.67,,111.29,,115.13,,103.362125,,106.9285781
706.89,816.67,,851.29,,872.13,,104.2391664,,106.7909927
707.64,996.67,,1014.29,,1047.13,,101.7678871,,105.0628593
708.4,220.67,,225.29,,231.13,,102.093624,,104.7401097
709.16,72.67,,75.29,,80.13,,103.6053392,,110.2655841
709.92,35.67,,37.29,,40.13,,104.5416316,,112.5035043
710.68,20.67,,20.29,,20.13,,98.16158684,,97.38751814
711.44,16.67,,15.29,,17.13,,91.72165567,,102.7594481
712.19,11.67,,12.29,,13.13,,105.3127678,,112.5107112
712.95,13.67,,13.29,,12.13,,97.2201902,,88.73445501
713.71,14.67,,16.29,,14.13,,111.0429448,,96.3190184
714.47,43.67,,45.29,,49.13,,103.7096405,,112.5028624
715.22,150.67,,147.29,,158.13,,97.7566868,,104.9512179
715.98,65.67,,69.29,,70.13,,105.5124105,,106.7915334
716.74,17.67,,19.29,,22.13,,109.1680815,,125.2405207
717.5,11.67,,13.29,,12.13,,113.8817481,,103.9417309
718.25,9.67,,9.29,,11.13,,96.07032058,,115.098242
719.01,8.67,,8.29,,11.13,,95.61707036,,128.3737024
719.77,7.67,,8.29,,8.13,,108.083442,,105.9973924
720.53,12.67,,12.29,,13.13,,97.00078927,,103.6306235
721.28,17.67,,17.29,,15.13,,97.84946237,,85.62535371
722.04,15.67,,12.29,,12.13,,78.43012125,,77.4090619
722.8,11.67,,11.29,,11.13,,96.74378749,,95.37275064
723.55,12.67,,13.29,,11.13,,104.8934491,,87.84530387
724.31,13.67,,10.29,,12.13,,75.27432334,,88.73445501
725.07,13.67,,16.29,,11.13,,119.1660571,,81.41916606
725.82,17.67,,23.29,,24.13,,131.8053198,,136.5591398
726.58,68.67,,66.29,,69.13,,96.53414883,,100.6698704
727.34,493.67,,506.29,,528.13,,102.5563636,,106.9803715
728.09,838.67,,821.29,,869.13,,97.92767119,,103.631941
728.85,196.67,,203.29,,209.13,,103.3660446,,106.3354858
729.6,46.67,,44.29,,46.13,,94.90036426,,98.84293979
730.36,22.67,,23.29,,29.13,,102.7348919,,128.4958094
731.12,19.67,,23.29,,21.13,,118.4036604,,107.4224708
731.87,25.67,,27.29,,24.13,,106.3108687,,94.00077912
732.63,19.67,,18.29,,21.13,,92.98423996,,107.4224708
733.38,17.67,,20.29,,23.13,,114.8273911,,130.8998302
734.14,22.67,,25.29,,21.13,,111.557124,,93.20688134
734.9,25.67,,25.29,,25.13,,98.51967277,,97.89637709
735.65,36.67,,37.29,,42.13,,101.6907554,,114.8895555
736.41,41.67,,46.29,,43.13,,111.087113,,103.5037197
737.16,71.67,,73.29,,81.13,,102.26036,,113.1993861
737.92,331.67,,341.29,,354.13,,102.9004734,,106.7717912
738.67,1902.67,,1938.29,,2005.13,,101.872106,,105.3850641
739.43,1525.67,,1544.29,,1586.13,,101.2204474,,103.9628491
740.18,294.67,,301.29,,307.13,,102.2465809,,104.228459
740.94,82.67,,89.29,,90.13,,108.0077416,,109.0238297
741.69,52.67,,47.29,,55.13,,89.78545662,,104.6705905
742.45,39.67,,43.29,,43.13,,109.1252836,,108.7219561
743.2,39.67,,41.29,,44.13,,104.0836904,,111.2427527
743.96,44.67,,48.29,,49.13,,108.1038728,,109.9843295
744.71,47.67,,47.29,,47.13,,99.20285295,,98.86721208
745.47,48.67,,51.29,,54.13,,105.3831929,,111.2184097
746.22,60.67,,64.29,,66.13,,105.9667051,,108.9995055
746.97,71.67,,72.29,,76.13,,100.865076,,106.2229664
747.73,88.67,,89.29,,96.13,,100.6992218,,108.4132175
748.48,117.67,,121.29,,129.13,,103.0764001,,109.7391009
749.24,247.67,,269.29,,280.13,,108.7293576,,113.1061493
749.99,1489.67,,1564.29,,1631.13,,105.0091631,,109.4960629
750.75,7930.67,,7979.29,,8228.13,,100.613063,,103.750755
751.5,6143.67,,6159.29,,6348.13,,100.2542454,,103.3279782
752.25,3091.67,,3069.29,,3179.13,,99.27611938,,102.8288918
753.01,761.67,,766.29,,782.13,,100.6065619,,102.6862027
753.76,217.67,,233.29,,244.13,,107.1760004,,112.156016
754.51,112.67,,119.29,,119.13,,105.8755658,,105.7335582
755.27,80.67,,78.29,,84.13,,97.04970869,,104.289079
756.02,59.67,,63.29,,65.13,,106.0667002,,109.1503268
756.78,55.67,,60.29,,61.13,,108.2989043,,109.8077959
757.53,57.67,,59.29,,61.13,,102.8090862,,105.9996532
758.28,61.67,,65.29,,62.13,,105.869953,,100.7459056
759.04,72.67,,75.29,,77.13,,103.6053392,,106.1373331
759.79,77.67,,83.29,,81.13,,107.235741,,104.4547444
760.54,97.67,,101.29,,105.13,,103.7063581,,107.6379646
761.29,127.67,,134.29,,133.13,,105.1852432,,104.2766507
762.05,209.67,,224.29,,225.13,,106.9728621,,107.3734917
762.8,784.67,,817.29,,853.13,,104.1571616,,108.7246868
763.55,6351.67,,6522.29,,6722.13,,102.6862227,,105.8324819
764.31,9916.67,,9757.29,,10040.13,,98.39280726,,101.2449744
765.06,2310.67,,2278.29,,2377.13,,98.59867484,,102.876222
765.81,506.67,,520.29,,533.13,,102.6881402,,105.2223341
766.56,204.67,,206.29,,215.13,,100.7915181,,105.110666
767.32,125.67,,128.29,,137.13,,102.0848253,,109.1191215
768.07,94.67,,101.29,,107.13,,106.9927115,,113.1615084
768.82,75.67,,85.29,,85.13,,112.7130963,,112.5016519
769.57,80.67,,77.29,,88.13,,95.81009049,,109.2475518
770.32,92.67,,95.29,,101.13,,102.8272364,,109.129168
771.08,149.67,,162.29,,164.13,,108.4318835,,109.6612548
771.83,593.67,,622.29,,643.13,,104.8208601,,108.3312278
772.58,4117.67,,4161.29,,4334.13,,101.059337,,105.2568564
773.33,4340.67,,4251.29,,4377.13,,97.94087088,,100.8399625
774.08,909.67,,907.29,,950.13,,99.73836666,,104.4477668
774.83,225.67,,235.29,,245.13,,104.2628617,,108.6232109
775.59,102.67,,101.29,,109.13,,98.6558878,,106.2920035
776.34,59.67,,65.29,,67.13,,109.4184682,,112.5020949
777.09,41.67,,47.29,,45.13,,113.486921,,108.3033357
777.84,33.67,,33.29,,33.13,,98.87139887,,98.3961984
778.59,27.67,,30.29,,29.13,,109.4687387,,105.2764727
779.34,25.67,,23.29,,27.13,,90.72847682,,105.687573
780.09,24.67,,25.29,,25.13,,102.5131739,,101.8646129
780.84,22.67,,19.29,,23.13,,85.09042788,,102.0291134
781.6,18.67,,20.29,,19.13,,108.677022,,102.4638457
782.35,21.67,,20.29,,23.13,,93.63174896,,106.737425
783.1,20.67,,20.29,,20.13,,98.16158684,,97.38751814
783.85,18.67,,17.29,,19.13,,92.60846277,,102.4638457
784.6,17.67,,18.29,,17.13,,103.5087719,,96.94397284
785.35,17.67,,19.29,,21.13,,109.1680815,,119.5812111
786.1,17.67,,14.29,,18.13,,80.87153367,,102.6032824
786.85,16.67,,19.29,,18.13,,115.7168566,,108.7582484
787.6,16.67,,20.29,,21.13,,121.7156569,,126.7546491
788.35,18.67,,21.29,,21.13,,114.0332084,,113.1762185
789.1,24.67,,22.29,,27.13,,90.35265505,,109.9716255
789.85,30.67,,32.29,,31.13,,105.2820346,,101.499837
790.6,29.67,,35.29,,34.13,,118.9416919,,115.0320189
791.35,33.67,,35.29,,35.13,,104.8114048,,104.3362043
792.1,41.67,,43.29,,43.13,,103.887689,,103.5037197
792.85,56.67,,54.29,,56.13,,95.80024704,,99.04711488
793.6,94.67,,98.29,,103.13,,103.823809,,108.9363051
794.35,411.67,,427.29,,453.13,,103.7943013,,110.0711735
795.1,2227.67,,2265.29,,2328.13,,101.68876,,104.5096446
795.85,1631.67,,1586.29,,1645.13,,97.21880037,,100.8249217
796.6,365.67,,357.29,,381.13,,97.70831624,,104.2278557
797.35,127.67,,131.29,,136.13,,102.8354351,,106.6264588
798.1,90.67,,91.29,,94.13,,100.6837984,,103.8160362
798.85,84.67,,88.29,,91.13,,104.2754222,,107.6296209
799.59,131.67,,134.29,,140.13,,101.989823,,106.4251538
800.34,576.67,,608.29,,630.13,,105.4832053,,109.2704666
801.09,2129.67,,2128.29,,2192.13,,99.93520123,,102.9328488
801.84,2520.67,,2489.29,,2568.13,,98.75509289,,101.8828327
802.59,1191.67,,1152.29,,1196.13,,96.69539386,,100.3742647
803.34,284.67,,292.29,,299.13,,102.6767836,,105.0795658
804.09,112.67,,115.29,,126.13,,102.325375,,111.9463921
804.84,82.67,,82.29,,90.13,,99.54034112,,109.0238297
805.58,73.67,,81.29,,80.13,,110.3434234,,108.768834
806.33,73.67,,78.29,,83.13,,106.2712094,,112.8410479
807.08,81.67,,85.29,,93.13,,104.4324721,,114.0320803
807.83,90.67,,100.29,,103.13,,110.609904,,113.7421418
808.58,119.67,,130.29,,131.13,,108.8744046,,109.5763349
809.33,206.67,,214.29,,228.13,,103.6870373,,110.3837035
810.07,867.67,,910.29,,953.13,,104.9120057,,109.8493667
810.82,3136.67,,3166.29,,3278.13,,100.9443136,,104.5098783
811.57,4860.67,,4936.29,,5173.13,,101.5557526,,106.4283319
812.32,5429.67,,5316.29,,5527.13,,97.91184363,,101.7949525
813.06,1403.67,,1366.29,,1426.13,,97.33698091,,101.6000912
813.81,359.67,,378.29,,396.13,,105.1769678,,110.1370701
814.56,164.67,,168.29,,174.13,,102.1983361,,105.744823
815.31,97.67,,102.29,,105.13,,104.730214,,107.6379646
816.05,70.67,,72.29,,78.13,,102.2923447,,110.5561058
816.8,58.67,,56.29,,58.13,,95.94341231,,99.07959775
817.55,48.67,,49.29,,49.13,,101.2738854,,100.9451407
818.3,41.67,,46.29,,49.13,,111.087113,,117.9025678
819.04,39.67,,42.29,,45.13,,106.604487,,113.7635493
819.79,38.67,,39.29,,43.13,,101.6033101,,111.5334885
820.54,39.67,,43.29,,42.13,,109.1252836,,106.2011596
821.28,45.67,,44.29,,46.13,,96.97832275,,101.0072257
822.03,52.67,,52.29,,53.13,,99.27852668,,100.8733624
822.78,56.67,,55.29,,62.13,,97.56484913,,109.6347274
823.52,62.67,,67.29,,68.13,,107.3719483,,108.7123025
824.27,81.67,,83.29,,89.13,,101.9835925,,109.134321
825.02,133.67,,135.29,,140.13,,101.2119399,,104.8327972
825.76,422.67,,441.29,,471.13,,104.405328,,111.4652093
826.51,2749.67,,2835.29,,2999.13,,103.1138282,,109.0723614
827.25,3649.67,,3479.29,,3644.13,,95.33163272,,99.84820545
828,947.67,,937.29,,970.13,,98.90468201,,102.3700233
828.75,257.67,,270.29,,277.13,,104.8977374,,107.5522956
829.49,115.67,,119.29,,127.13,,103.1295928,,109.9074955
830.24,70.67,,73.29,,77.13,,103.7073723,,109.1410783
830.98,50.67,,53.29,,55.13,,105.1707125,,108.8020525
831.73,41.67,,42.29,,46.13,,101.487881,,110.7031437
832.48,38.67,,39.29,,42.13,,101.6033101,,108.9475045
833.22,35.67,,36.29,,39.13,,101.7381553,,109.700028
833.97,38.67,,38.29,,43.13,,99.01732609,,111.5334885
834.71,38.67,,42.29,,44.13,,109.361262,,114.1194725
835.46,45.67,,43.29,,43.13,,94.78870155,,94.43836216
836.2,48.67,,49.29,,53.13,,101.2738854,,109.1637559
836.95,57.67,,59.29,,61.13,,102.8090862,,105.9996532
837.69,71.67,,70.29,,73.13,,98.07450816,,102.0371146
838.44,83.67,,89.29,,91.13,,106.7168639,,108.9159794
839.18,118.67,,124.29,,131.13,,104.735822,,110.4997051
839.93,255.67,,273.29,,281.13,,106.8916963,,109.9581492
840.67,1390.67,,1446.29,,1531.13,,103.999511,,110.1001675
841.42,3222.67,,3121.29,,3193.13,,96.8541613,,99.08336876
842.16,1988.67,,1992.29,,2078.13,,100.1820312,,104.4984839
842.91,3336.67,,3267.29,,3383.13,,97.9206814,,101.3924062
843.65,1568.67,,1509.29,,1571.13,,96.21462768,,100.1568207
844.39,414.67,,413.29,,431.13,,99.66720525,,103.9694215
845.14,163.67,,163.29,,172.13,,99.7678255,,105.1689375
845.88,91.67,,96.29,,99.13,,105.0398167,,108.1378859
846.63,66.67,,68.29,,72.13,,102.4298785,,108.1895905
847.37,53.67,,52.29,,59.13,,97.42873113,,110.1732812
848.12,46.67,,49.29,,49.13,,105.6138847,,105.2710521
848.86,43.67,,44.29,,46.13,,101.419739,,105.6331578
849.6,46.67,,46.29,,51.13,,99.18577244,,109.5564603
850.35,53.67,,54.29,,58.13,,101.1552078,,108.3100429
851.09,88.67,,92.29,,94.13,,104.0825533,,106.1576632
851.83,395.67,,424.29,,446.13,,107.2333005,,112.7530518
852.58,1293.67,,1281.29,,1297.13,,99.04303261,,100.2674562
853.32,648.67,,629.29,,646.13,,97.01234834,,99.60842956
854.06,172.67,,168.29,,171.13,,97.46336943,,99.10812533
854.81,66.67,,68.29,,71.13,,102.4298785,,106.6896655
855.55,37.67,,37.29,,38.13,,98.99123971,,101.2211309
856.29,27.67,,26.29,,29.13,,95.01264908,,105.2764727
857.04,21.67,,24.29,,22.13,,112.0904476,,102.1227503
857.78,19.67,,18.29,,19.13,,92.98423996,,97.25470259
858.52,16.67,,13.29,,15.13,,79.72405519,,90.76184763
859.26,14.67,,14.29,,15.13,,97.40967962,,103.135651
860.01,14.67,,14.29,,14.13,,97.40967962,,96.3190184
860.75,15.67,,14.29,,17.13,,91.19336311,,109.3171666
861.49,11.67,,12.29,,14.13,,105.3127678,,121.0796915
862.24,14.67,,12.29,,16.13,,83.77641445,,109.9522836
862.98,12.67,,14.29,,14.13,,112.7861089,,111.5232833
863.72,11.67,,11.29,,12.13,,96.74378749,,103.9417309
864.46,11.67,,11.29,,14.13,,96.74378749,,121.0796915
865.2,16.67,,16.29,,16.13,,97.72045591,,96.76064787
865.95,24.67,,26.29,,25.13,,106.5666802,,101.8646129
866.69,101.67,,107.29,,108.13,,105.5276876,,106.35389
867.43,189.67,,192.29,,196.13,,101.3813465,,103.4059155
868.17,73.67,,72.29,,72.13,,98.12678159,,97.90959685
868.91,24.67,,25.29,,26.13,,102.5131739,,105.9181192
869.66,13.67,,15.29,,16.13,,111.8507681,,117.9956108
870.4,11.67,,12.29,,14.13,,105.3127678,,121.0796915
871.14,9.67,,12.29,,9.13,,127.0941055,,94.41571872
871.88,7.67,,8.29,,9.13,,108.083442,,119.0352021
872.62,8.67,,10.29,,7.13,,118.6851211,,82.23760092
873.36,7.67,,6.29,,8.13,,82.00782269,,105.9973924
874.1,7.67,,10.29,,10.13,,134.1590613,,132.0730117
874.84,9.67,,8.29,,8.13,,85.72905895,,84.07445708
875.59,8.67,,8.29,,11.13,,95.61707036,,128.3737024
876.33,10.67,,8.29,,10.13,,77.69447048,,94.93908154
877.07,10.67,,11.29,,14.13,,105.8106842,,132.4273664
877.81,9.67,,7.29,,8.13,,75.38779731,,84.07445708
878.55,11.67,,5.29,,9.13,,45.32990574,,78.23479006
879.29,7.67,,8.29,,8.13,,108.083442,,105.9973924
880.03,5.67,,11.29,,8.13,,199.1181658,,143.3862434
880.77,6.67,,6.29,,7.13,,94.30284858,,106.8965517
881.51,7.67,,5.29,,6.13,,68.97001304,,79.92177314
882.25,7.67,,6.29,,7.13,,82.00782269,,92.95958279
882.99,6.67,,7.29,,9.13,,109.2953523,,136.8815592
883.73,8.67,,6.29,,7.13,,72.54901961,,82.23760092
884.47,3.67,,6.29,,6.13,,171.3896458,,167.0299728
885.21,6.67,,6.29,,6.13,,94.30284858,,91.90404798
885.95,7.67,,7.29,,9.13,,95.04563233,,119.0352021
886.69,5.67,,7.29,,7.13,,128.5714286,,125.7495591
887.43,7.67,,9.29,,9.13,,121.1212516,,119.0352021
888.17,7.67,,7.29,,5.13,,95.04563233,,66.88396349
888.91,6.67,,4.29,,6.13,,64.31784108,,91.90404798
889.65,8.67,,7.29,,7.13,,84.08304498,,82.23760092
890.39,7.67,,7.29,,6.13,,95.04563233,,79.92177314
891.13,6.67,,5.29,,7.13,,79.31034483,,106.8965517
891.87,6.67,,8.29,,7.13,,124.2878561,,106.8965517
892.61,6.67,,9.29,,11.13,,139.2803598,,166.8665667
893.35,6.67,,7.29,,9.13,,109.2953523,,136.8815592
894.08,11.67,,7.29,,7.13,,62.46786632,,61.09682948
894.82,9.67,,8.29,,8.13,,85.72905895,,84.07445708
895.56,9.67,,9.29,,12.13,,96.07032058,,125.4395036
896.3,8.67,,8.29,,8.13,,95.61707036,,93.7716263
897.04,9.67,,8.29,,9.13,,85.72905895,,94.41571872
897.78,11.67,,11.29,,10.13,,96.74378749,,86.80377035
898.52,11.67,,8.29,,9.13,,71.03684662,,78.23479006
899.25,11.67,,11.29,,10.13,,96.74378749,,86.80377035
899.99,9.67,,11.29,,13.13,,116.7528438,,135.7807653
900.73,10.67,,12.29,,13.13,,115.1827554,,123.0552952
901.47,15.67,,13.29,,12.13,,84.81174218,,77.4090619
902.21,16.67,,17.29,,16.13,,103.7192561,,96.76064787
902.95,18.67,,20.29,,19.13,,108.677022,,102.4638457
903.68,24.67,,24.29,,22.13,,98.45966761,,89.70409404
904.42,26.67,,25.29,,26.13,,94.82564679,,97.97525309
905.16,27.67,,31.29,,33.13,,113.0827611,,119.7325623
905.9,35.67,,36.29,,38.13,,101.7381553,,106.8965517
906.63,45.67,,50.29,,50.13,,110.1160499,,109.7657105
907.37,56.67,,61.29,,62.13,,108.1524616,,109.6347274
908.11,70.67,,75.29,,81.13,,106.5374275,,114.8011886
908.85,90.67,,92.29,,98.13,,101.786699,,108.2276387
909.58,126.67,,125.29,,133.13,,98.91055499,,105.0998658
910.32,176.67,,179.29,,185.13,,101.4829909,,104.7885889
911.06,305.67,,314.29,,336.13,,102.8200347,,109.9649949
911.8,912.67,,961.29,,1022.13,,105.3272267,,111.9933821
912.53,3547.67,,3554.29,,3706.13,,100.1866013,,104.4665936
913.27,2999.67,,2800.29,,2893.13,,93.35326886,,96.44827598
914.01,953.67,,906.29,,957.13,,95.03182443,,100.3628089
914.74,376.67,,363.29,,375.13,,96.44781905,,99.59115406
915.48,197.67,,196.29,,205.13,,99.30186675,,103.7739667
916.22,121.67,,121.29,,126.13,,99.68767979,,103.665653
916.95,86.67,,86.29,,93.13,,99.56155532,,107.4535595
917.69,69.67,,73.29,,74.13,,105.1959236,,106.4016076
918.43,60.67,,68.29,,63.13,,112.5597495,,104.0547223
919.16,62.67,,60.29,,66.13,,96.20232966,,105.5209829
919.9,67.67,,69.29,,72.13,,102.3939707,,106.5908083
920.63,70.67,,72.29,,78.13,,102.2923447,,110.5561058
921.37,101.67,,102.29,,108.13,,100.6098161,,106.35389
922.11,246.67,,261.29,,272.13,,105.9269469,,110.3214821
922.84,725.67,,707.29,,743.13,,97.46716827,,102.4060523
923.58,437.67,,420.29,,438.13,,96.0289716,,100.105102
924.31,162.67,,158.29,,162.13,,97.30743222,,99.66803959
925.05,78.67,,73.29,,79.13,,93.16130672,,100.584721
925.78,47.67,,43.29,,47.13,,90.81183134,,98.86721208
926.52,33.67,,34.29,,35.13,,101.8414018,,104.3362043
927.25,25.67,,24.29,,28.13,,94.6240748,,109.583171
927.99,21.67,,19.29,,22.13,,89.0170743,,102.1227503
928.73,19.67,,17.29,,20.13,,87.90035587,,102.3385867
929.46,22.67,,21.29,,24.13,,93.9126599,,106.4402294
930.2,17.67,,14.29,,21.13,,80.87153367,,119.5812111
930.93,13.67,,13.29,,14.13,,97.2201902,,103.3650329
931.67,11.67,,14.29,,11.13,,122.4507284,,95.37275064
932.4,11.67,,11.29,,11.13,,96.74378749,,95.37275064
933.13,11.67,,11.29,,11.13,,96.74378749,,95.37275064
933.87,11.67,,12.29,,10.13,,105.3127678,,86.80377035
934.6,10.67,,12.29,,11.13,,115.1827554,,104.3111528
935.34,21.67,,22.29,,23.13,,102.8610983,,106.737425
936.07,30.67,,33.29,,32.13,,108.5425497,,104.7603521
936.81,17.67,,15.29,,16.13,,86.53084324,,91.28466327
937.54,9.67,,11.29,,11.13,,116.7528438,,115.098242
938.28,9.67,,9.29,,8.13,,96.07032058,,84.07445708
939.01,9.67,,10.29,,10.13,,106.4115822,,104.7569804
939.74,8.67,,5.29,,9.13,,61.01499423,,105.3056517
940.48,5.67,,6.29,,7.13,,110.9347443,,125.7495591
941.21,6.67,,8.29,,5.13,,124.2878561,,76.91154423
941.94,5.67,,7.29,,6.13,,128.5714286,,108.1128748
942.68,3.67,,3.29,,2.13,,89.64577657,,58.03814714
943.41,5.67,,6.29,,6.13,,110.9347443,,108.1128748
944.14,4.67,,4.29,,5.13,,91.86295503,,109.8501071
944.88,6.67,,3.29,,6.13,,49.32533733,,91.90404798
945.61,3.67,,5.29,,8.13,,144.1416894,,221.5258856
946.34,5.67,,7.29,,5.13,,128.5714286,,90.47619048
947.08,5.67,,5.29,,5.13,,93.29805996,,90.47619048
947.81,5.67,,5.29,,6.13,,93.29805996,,108.1128748
948.54,3.67,,6.29,,5.13,,171.3896458,,139.7820163
949.28,6.67,,8.29,,4.13,,124.2878561,,61.91904048
950.01,4.67,,5.29,,5.13,,113.2762313,,109.8501071
950.74,6.67,,7.29,,7.13,,109.2953523,,106.8965517
951.47,7.67,,5.29,,6.13,,68.97001304,,79.92177314
952.21,5.67,,6.29,,7.13,,110.9347443,,125.7495591
952.94,5.67,,5.29,,6.13,,93.29805996,,108.1128748
953.67,7.67,,7.29,,6.13,,95.04563233,,79.92177314
954.4,7.67,,4.29,,5.13,,55.93220339,,66.88396349
955.14,7.67,,5.29,,7.13,,68.97001304,,92.95958279
955.87,5.67,,5.29,,7.13,,93.29805996,,125.7495591
956.6,8.67,,7.29,,4.13,,84.08304498,,47.6355248
957.33,8.67,,6.29,,8.13,,72.54901961,,93.7716263
958.06,9.67,,9.29,,10.13,,96.07032058,,104.7569804
958.8,12.67,,11.29,,10.13,,89.10812944,,79.95264404
959.53,12.67,,12.29,,10.13,,97.00078927,,79.95264404
960.26,14.67,,14.29,,14.13,,97.40967962,,96.3190184
960.99,15.67,,16.29,,18.13,,103.956605,,115.6987875
961.72,18.67,,19.29,,17.13,,103.3208356,,91.75147295
962.45,24.67,,27.29,,22.13,,110.6201865,,89.70409404
963.19,29.67,,28.29,,34.13,,95.34883721,,115.0320189
963.92,39.67,,45.29,,45.13,,114.1668767,,113.7635493
964.65,63.67,,64.29,,66.13,,100.973771,,103.8636721
965.38,155.67,,156.29,,169.13,,100.3982784,,108.6464958
966.11,483.67,,485.29,,505.13,,100.3349391,,104.4369095
966.84,338.67,,311.29,,317.13,,91.9154339,,93.63982638
967.57,128.67,,120.29,,122.13,,93.48721536,,94.91723012
968.3,63.67,,63.29,,67.13,,99.40317261,,105.4342705
969.03,40.67,,40.29,,37.13,,99.06565036,,91.29579543
969.76,32.67,,29.29,,27.13,,89.65411693,,83.04254668
970.49,20.67,,19.29,,21.13,,93.32365747,,102.2254475
971.22,16.67,,19.29,,18.13,,115.7168566,,108.7582484
971.95,14.67,,16.29,,13.13,,111.0429448,,89.50238582
972.68,12.67,,10.29,,12.13,,81.21546961,,95.73796369
973.41,10.67,,13.29,,12.13,,124.5548266,,113.683224
974.14,11.67,,10.29,,10.13,,88.1748072,,86.80377035
974.87,9.67,,9.29,,10.13,,96.07032058,,104.7569804
975.6,9.67,,11.29,,9.13,,116.7528438,,94.41571872
976.33,6.67,,8.29,,11.13,,124.2878561,,166.8665667
977.06,9.67,,11.29,,10.13,,116.7528438,,104.7569804
977.79,15.67,,12.29,,12.13,,78.43012125,,77.4090619
978.52,31.67,,33.29,,38.13,,105.115251,,120.3978529
979.25,40.67,,40.29,,38.13,,99.06565036,,93.75461028
979.98,21.67,,21.29,,17.13,,98.24642363,,79.04937702
980.71,11.67,,11.29,,12.13,,96.74378749,,103.9417309
981.44,7.67,,8.29,,7.13,,108.083442,,92.95958279
982.17,8.67,,4.29,,7.13,,49.48096886,,82.23760092
982.9,6.67,,5.29,,5.13,,79.31034483,,76.91154423
983.63,5.67,,5.29,,5.13,,93.29805996,,90.47619048
984.36,5.67,,6.29,,4.13,,110.9347443,,72.83950617
985.09,3.67,,4.29,,5.13,,116.893733,,139.7820163
985.81,-1.33,,1.29,,1.13,,-96.9924812,,-84.96240602
986.54,1.67,,0.29,,-0.87,,17.36526946,,-52.09580838
987.27,-0.33,,-0.71,,1.13,,215.1515152,,-342.4242424
988,7.67,,2.29,,2.13,,29.85658409,,27.77053455
988.73,8.67,,1.29,,0.13,,14.87889273,,1.499423299
989.46,6.67,,1.29,,-1.87,,19.34032984,,-28.03598201
990.18,8.67,,1.29,,1.13,,14.87889273,,13.03344867
990.91,9.67,,3.29,,0.13,,34.02275078,,1.344364012
991.64,12.67,,2.29,,1.13,,18.074191,,8.918705604
992.37,5.67,,1.29,,2.13,,22.75132275,,37.56613757
993.1,2.67,,3.29,,6.13,,123.2209738,,229.588015
993.82,4.67,,4.29,,6.13,,91.86295503,,131.2633833
994.55,4.67,,4.29,,4.13,,91.86295503,,88.43683084
995.28,3.67,,4.29,,3.13,,116.893733,,85.28610354
996.01,4.67,,5.29,,2.13,,113.2762313,,45.61027837
996.73,3.67,,1.29,,0.13,,35.14986376,,3.542234332
997.46,2.67,,1.29,,0.13,,48.31460674,,4.868913858
998.19,1.67,,2.29,,3.13,,137.1257485,,187.4251497
998.92,1.67,,3.29,,1.13,,197.005988,,67.66467066
